"row_id","domain","category","cached_query","cached_response","new_query","label","confidence","notes"
"r_00000","open_domain_qa","number_change","In which decade of the 20th century was the FBI set up?","1900s","In which decade of the 20th century was Jessica Lange born?","miss","high","assistant-prelabel"
"r_00001","customer_support","paraphrase","editdata on pro account","We're excited to assist you in editing the data on your pro account. Your dedication to keeping your account information up to date is commendable! To help you with the process, could you please provide more details on the specific data you would like to edit? This will allow us to provide you with the most accurate guidance and ensure a seamless experience.","correct information on standard account","miss","high","assistant-prelabel"
"r_00002","customer_support","paraphrase","i have to send feedback can i get some help","Indeed! I'm here to assist you in sending your valuable feedback. Your insights are incredibly valuable to us, and we appreciate your willingness to share them. Please let me know if you have any specific questions about the feedback process or if there's anything specific you'd like assistance with. I'm here to help make the feedback submission as smooth and straightforward as possible.","io want assistance to leave a comment for a service","hit","high","assistant-prelabel"
"r_00003","customer_support","paraphrase","i ned assistance to ask for a reimbursement","I've got that you need assistance in requesting a reimbursement. I'm here to help you navigate through the process and make it as smooth as possible. To begin, could you please provide me with some details about the reimbursement you're seeking? This information will enable me to guide you accurately and ensure that we take all the necessary steps to initiate your request.","getting refund of money","hit","high","assistant-prelabel"
"r_00004","customer_support","unrelated","I have  to talk to an operator","Thank you for contacting! I certainly recognize that you have a pressing need to speak with an operator. Rest assured, I'm here to assist you in connecting with one. Please bear with me for a moment while I transfer your call to a human agent who will be able to help you further. Your satisfaction is our top priority, and we appreciate your understanding and cooperation.","where can i enter a secondary shipping adcress","miss","high","assistant-prelabel"
"r_00005","customer_support","paraphrase","i have troubles editing my delivery address","I'm sorry to hear that you're facing difficulties in editing your delivery address. Don't worry, I'm here to help you resolve this issue. Could you please provide me with the specific details of the problem you're encountering?","want support modifying the delivery address","hit","high","assistant-prelabel"
"r_00006","open_domain_qa","entity_swap","In which country is the deepwater ort of Brindisi?","italy","In which country is The Aristocats set?","miss","high","assistant-prelabel"
"r_00007","open_domain_qa","entity_swap","What is the capital of Kenya?","nairobi","What is the Capital City of Latvia?","miss","high","assistant-prelabel"
"r_00008","open_domain_qa","number_change","In what year was the first World Cup held?","1930","In what year was the first Six Nations Championship played?","miss","high","assistant-prelabel"
"r_00009","customer_support","paraphrase","i want help seeing what payment methods uaccept","Of course! I'm here to assist you in seeing the payment methods we accept. To provide you with an up-to-date list, could you please specify the region or country you are in? This will ensure that I provide you with accurate information for your location. Your satisfaction is our top priority, and we want to make sure you have all the information you need.","see the allowed payment options","hit","high","assistant-prelabel"
"r_00010","customer_support","paraphrase","I call to see when my parcel is going to arrive","We appreciate your enthusiasm to learn more about the status and estimated delivery time of your parcel. To provide you with accurate information, could you please share the tracking number or order number associated with your purchase? With this information, we will be able to track your parcel and give you a precise update on its arrival. Thank you for your cooperation in this matter.","how can I check how long it takes for the package to arrive?","hit","high","assistant-prelabel"
"r_00011","open_domain_qa","entity_swap","What is the capital of Kenya?","nairobi","What is the capital of the U.S. state of Hawaii?","miss","high","assistant-prelabel"
"r_00012","open_domain_qa","entity_swap","Which country is the island of Zanzibar part of?","tanzania","Of which country is Vientiane the capital?","miss","high","assistant-prelabel"
"r_00013","open_domain_qa","entity_swap","Which country does the airline LACSA come from?","costa rica","Which country does the airline Garuda come from?","miss","high","assistant-prelabel"
"r_00014","open_domain_qa","entity_swap","Stapleton international airport is in which US state?","colorado","The Neverland Ranch is in which US state?","miss","high","assistant-prelabel"
"r_00015","customer_support","paraphrase","where can I ask for restitutions of my money?","I understand your desire to know where you can ask for restitutions of your money. Rest assured, I'm here to guide you through the process. To begin, may I ask if you have any specific company or service in mind that you would like to request a refund from? Providing this information will help me provide you with more accurate instructions on how and where to ask for restitutions.","want help receiving compensations","hit","high","assistant-prelabel"
"r_00016","customer_support","paraphrase","i have an issue submitting the new delivery address","I can sense that you're having trouble submitting the new delivery address. I apologize for the inconvenience caused. To better assist you, could you please provide more details about the issue you're facing? Are you encountering any error messages or is the address not being accepted? Once I have more information, I'll be able to guide you through the process and help you resolve the issue.","issues submitting my delivery adfdress","hit","high","assistant-prelabel"
"r_00017","customer_support","paraphrase","getting invoice from last month","I'm picking up what you're putting down, your need to retrieve the invoice from last month. Allow me a moment to fetch that specific invoice for you. While I gather the details, please feel free to let me know if there's anything else I can assist you with. I'm here to ensure your complete satisfaction.","get invoices from December","hit","medium","assistant-prelabel"
"r_00018","customer_support","paraphrase","I never make use of the gold account, help me deleting it","Grateful you reached out about your gold account. It's important to us that we assist you with your request to delete it. I understand that you haven't been using the account and would like it removed. Let me guide you through the process of deleting your gold account so that we can resolve this for you swiftly.","question about freemium account canclelations","miss","high","assistant-prelabel"
"r_00019","customer_support","paraphrase","problems with premium account deletions","Happy to get your message about the issues you are facing with deleting your premium account. I understand how frustrating this can be, and I'm here to help. Could you please provide me with more details about the specific problems you are encountering? This will allow me to better assist you in resolving the issues and ensuring a successful deletion of your premium account.","can ya help me to cancel my freemium account","miss","high","assistant-prelabel"
"r_00020","customer_support","paraphrase","I do not know how I could contact fucking customer support","Thank you for contacting! I certainly recognize that you're unsure about how to contact our customer support team. I apologize for any frustration or difficulties you may have experienced. Our customer support team is available to assist you. May I ask how I can be of help?","I am trying to speak to fucking customer support","hit","high","assistant-prelabel"
"r_00021","open_domain_qa","number_change","In what year was the first World Cup held?","1930","In what year was the first Christmas card produced?","miss","high","assistant-prelabel"
"r_00022","customer_support","paraphrase","where can I ask for restitutions of my money?","I understand your desire to know where you can ask for restitutions of your money. Rest assured, I'm here to guide you through the process. To begin, may I ask if you have any specific company or service in mind that you would like to request a refund from? Providing this information will help me provide you with more accurate instructions on how and where to ask for restitutions.","how could I obtain rebates?","hit","high","assistant-prelabel"
"r_00023","open_domain_qa","number_change","What date is Father's Day?","3rd sunday in june","What is the date of St George's Day?","miss","high","assistant-prelabel"
"r_00024","open_domain_qa","entity_swap","Which Oscar-winning actress was born on exactly the same day as actress Lindsay Wagner?","meryl streep","Which composer was born on exactly the same day as TV evangelist Pat Robertson?","miss","high","assistant-prelabel"
"r_00025","open_domain_qa","same_answer","Which European country restored its monarchy in 1975?","spain","Bolivia gained independance in 1825 - from which European country ?","hit","high","assistant-prelabel"
"r_00026","open_domain_qa","number_change","In which decade of the 20th century was Billy Crystal born?","1940s","In which decade of the 20th century was Michael Keaton born?","miss","high","assistant-prelabel"
"r_00027","open_domain_qa","entity_swap","What was Scarlett O'Hara's real first name?","katie","What was Jane Russell's real first name?","miss","high","assistant-prelabel"
"r_00028","customer_support","paraphrase","I ain't registered, can I create a standard account?","Thank you for your interest in creating a standard account with us! Even if you're not currently registered, you can definitely proceed with opening a standard account. Our registration process is designed to be seamless and user-friendly. To get started, all you need to do is provide some basic information. I'll be here to guide you every step of the way. Shall we begin?","I need a user","hit","medium","assistant-prelabel"
"r_00029","customer_support","paraphrase","can I talk with someone?","Thank you for contacting! I certainly recognize that you're looking to talk with someone and seek personalized assistance. Your request is important to us, and we're here to help. Let me connect you with one of our knowledgeable human representatives who can address your concerns with expertise and empathy. Please bear with me for a moment while I transfer you.","I want to chat with an assistant","hit","high","assistant-prelabel"
"r_00030","customer_support","paraphrase","where can i ask for compensations of money","I've realized that you're looking for information on where you can ask for compensations of money. To better assist you, could you please provide more details about the specific situation or company you're dealing with? This will allow me to provide you with accurate and tailored guidance on the appropriate channels or methods for requesting compensation.","getting refund of money","hit","high","assistant-prelabel"
"r_00031","customer_support","paraphrase","could you help me leaving my feedback?","Indeed! I'm here to assist you in leaving your feedback. Your opinions and experiences are incredibly valuable to us, and we appreciate you taking the time to share them. Whether you have positive feedback or areas for improvement, we want to hear it all. Please let me know the specific product or service you would like to leave feedback for, and I'll guide you through the process step by step.","do you have an e-mai to send a review about a service?","hit","high","assistant-prelabel"
"r_00032","customer_support","unrelated","I want help using the freemium account","Thank you for reaching out! I'm here to provide you with any assistance you may need while using our freemium account. How can I assist you in maximizing your experience with our platform?","help me seeing if there are any updates on the compensation","miss","high","assistant-prelabel"
"r_00033","customer_support","paraphrase","I do not know how to list your allowed payment methods","No problem at all! I'm here to assist you with that. To list our allowed payment methods, you can visit our website and navigate to the ""Payment Options"" or ""Checkout"" section. There, you will find a detailed list of all the payment methods we accept. If you need further guidance or have any specific questions, feel free to let me know. I'm always here to help you.","is it possible to check ur allowed payment modalities","hit","high","assistant-prelabel"
"r_00034","open_domain_qa","number_change","How many kilobytes are there in a megabyte?","1 024","How many rooms are there in 'Cluedo'?","miss","high","assistant-prelabel"
"r_00035","open_domain_qa","number_change","How many yards are there in a chain?","22","How many rooms are there in 'Cluedo'?","miss","high","assistant-prelabel"
"r_00036","open_domain_qa","entity_swap","Theodore Francis international airport is in which US state?","rhode island","Calabar international airport is in which country?","miss","high","assistant-prelabel"
"r_00037","customer_support","paraphrase","question about a pass recovery","I understood that you have a question about password recovery. How may I assist you with that?","have a queston about a pin code recovery","miss","medium","assistant-prelabel"
"r_00038","customer_support","paraphrase","getting invoice from five months ago","Unquestionably! I completely understand your need to retrieve the invoice from five months ago. Allow me a moment to assist you in locating and retrieving that invoice for you. In the meantime, if you have any other questions or concerns, please feel free to let me know. I'm here to help!","getting invoices from last purchase","miss","high","assistant-prelabel"
"r_00039","customer_support","paraphrase","problem with gold account terminations","Thank you for bringing the issue with gold account terminations to our attention. We apologize for any inconvenience this may have caused. To better assist you, could you please provide more details about the problem you are facing? Our team is here to help and ensure a smooth termination process for your gold account.","question about freemium account canclelations","miss","high","assistant-prelabel"
"r_00040","open_domain_qa","entity_swap","Which country does musician Alfred Brendel come from?","austria","From which country does Stella Artois come?","miss","high","assistant-prelabel"
"r_00041","open_domain_qa","entity_swap","Carrasco international airport is in which country?","uruguay","Santander international airport is in which country?","miss","high","assistant-prelabel"
"r_00042","customer_support","paraphrase","how can I check how long it takes for the package to arrive?","We understand that you're eager to know the estimated delivery time for your package. To provide you with the most accurate information, may I have the tracking number or order number? With that, I will be able to assist you in checking the status and estimated arrival time of your package. Thank you for your cooperation.","help me to check when will my article arrive","hit","high","assistant-prelabel"
"r_00043","open_domain_qa","number_change","In which decade of the 20th century was James Caan born?","1930s","In which decade of the 20th century was Alec Baldwin born?","miss","high","assistant-prelabel"
"r_00044","customer_support","paraphrase","I don't know hwat to do to earn several items","Thank you for expressing your interest in earning several items from us! I understand that you might be unsure about the process, but don't worry, I'm here to guide you step by step. To get started, could you please let me know which items you are interested in earning? Once I have that information, I can assist you further in achieving your goal.","want assistance purchasing some of ur product","hit","low","assistant-prelabel"
"r_00045","customer_support","paraphrase","i cannot subscribe to the newsletter","I'm sorry to hear that you're having trouble subscribing to our newsletter. Let's find a solution together. Could you please provide me with some more details about the issue you're experiencing? Are you encountering any error messages or specific difficulties while trying to subscribe? With a better understanding of the problem, I'll be able to assist you more effectively.","can I sign up to the damn newsletter?","hit","high","assistant-prelabel"
"r_00046","open_domain_qa","entity_swap","Carrasco international airport is in which country?","uruguay","Santander international airport is in which country?","miss","high","assistant-prelabel"
"r_00047","customer_support","paraphrase","I have to see my refund current status, will you help me?","Indeed! I'm here to assist you in checking the current status of your refund. I understand how important it is for you to stay informed about your reimbursement. To provide you with accurate information, could you please provide me with the order number or any other relevant details? With that, I'll be able to quickly track the status and provide you with the most up-to-date information.","show me the current status of the reimbursement","hit","high","assistant-prelabel"
"r_00048","customer_support","unrelated","i have got to see when mh delivery is gonna arrive","We understand your eagerness to know when your delivery will arrive. To provide you with an accurate update, please provide us with the tracking number or order number associated with your shipment. With that information, we can give you the most up-to-date estimate of your delivery date. Thank you for your cooperation and patience as we assist you.","i ned assistance to ask for a reimbursement","miss","high","assistant-prelabel"
"r_00049","open_domain_qa","same_answer","New York is made up of five boroughs - Manhattan, Staten Island, Brooklyn, The Bronx and which other?","queens","New York is made up of five districts, Manhattan, Richmond, Brooklyn, Bronx and which other?","hit","high","assistant-prelabel"
"r_00050","customer_support","paraphrase","what is your customer service phone number?","Thank you for reaching out! I completely understand that you would like to know our customer service phone number. To provide you with the most accurate and up-to-date contact information, may I please know which country or region you are located in? This will help me ensure that I give you the correct phone number to reach our customer service team.","I try to talk to damn customer support","miss","medium","assistant-prelabel"
"r_00051","open_domain_qa","entity_swap","Which country does the airline LACSA come from?","costa rica","Which country does the airline Pluna come form?","miss","high","assistant-prelabel"
"r_00052","customer_support","paraphrase","termination fees","I'm happy to help! I can help you with checking the termination fees. To provide you with accurate information, could you please provide me with the details of your account or service agreement?","how to see the cancellation fees?","hit","high","assistant-prelabel"
"r_00053","customer_support","paraphrase","checking invoices","I understand your need to check your invoices. Let's explore the best way to access the information you're looking for. Could you please provide me with some additional details? For example, are you looking for a specific invoice number or a particular date range? This will help me assist you more effectively and locate the invoices you need.","check invoice from last month","hit","high","assistant-prelabel"
"r_00054","open_domain_qa","entity_swap","What are the international registration letters of a vehicle from Turkey?","tr","What are the international registration letters of a vehicle from The Bahamas?","miss","high","assistant-prelabel"
"r_00055","open_domain_qa","entity_swap","Luxor international airport is in which country?","egypt","Augusto C Sandino international airport is in which country?","miss","high","assistant-prelabel"
"r_00056","customer_support","paraphrase","help  me report signup problems","Thank you for seeking assistance in reporting signup problems. We understand how frustrating it can be to encounter issues during the signup process, and we're here to help. Could you please provide us with more details about the specific problems you're experiencing? Your feedback will assist us in resolving the issue promptly and ensuring a smoother signup experience for you and other users.","have a questoon about creating user profiles","hit","medium","assistant-prelabel"
"r_00057","customer_support","paraphrase","I want to receive the fucking corporate newsletter, help me","We appreciate your eagerness to receive our corporate newsletter. Unfortunately, I cannot assist with profanity or offensive language. However, if you provide me with your email address, I would be more than happy to help you subscribe to our newsletter. Feel free to reach out if you have any questions or require further assistance.","I have got to unsubscribe from your newsletter","miss","high","assistant-prelabel"
"r_00058","customer_support","paraphrase","I'm calling to check the shipping options","Greetings! How delightful that you've chosen to personally connect with us to explore our shipping options. Allow me to guide you through the breadth of our shipping selections, ensuring you discover the perfect fit for your needs.

To start, could you kindly provide me with your location? This information will enable me to provide accurate and tailored shipping options.","help seeing the methods for delivery","hit","high","assistant-prelabel"
"r_00059","customer_support","paraphrase","assistance to solve issues with online payment","I'll make it happen! I'm here to assist you in resolving any issues you may be experiencing with your online payment. Please provide me with more specific details about the problem you're encountering so that I can offer you the most accurate and effective solution. Remember, together we can overcome any obstacles you may be facing. Thank you for reaching out to us for assistance.","wantr help to solve issues with payment","hit","high","assistant-prelabel"
"r_00060","customer_support","unrelated","can you help me camceling the purchase I made?","I've been informed that you need assistance with canceling the purchase you made. I'm here to provide guidance and support throughout the process.","get invoices from December","miss","high","assistant-prelabel"
"r_00061","open_domain_qa","same_answer","How many quavers are there in a minim? 2, 4 or 8?","4","How many noggings are there in a pint?","hit","medium","assistant-prelabel"
"r_00062","open_domain_qa","entity_swap","What was Scarlett O'Hara's real first name?","katie","What was Oliver Reed's real first name?","miss","high","assistant-prelabel"
"r_00063","open_domain_qa","number_change","How many yards are there in a chain?","22","How many sheets of paper are there in a quire?","miss","high","assistant-prelabel"
"r_00064","open_domain_qa","entity_swap","What is the capital of Kenya?","nairobi","What is the capital of Jamaica?","miss","high","assistant-prelabel"
"r_00065","open_domain_qa","same_answer","What type of animal was World Cup Willie, the mascot for the 1966 World Cup?","lion","What type of animal was World Cup Willie, the 1966 Football World Cup mascot?","hit","high","assistant-prelabel"
"r_00066","open_domain_qa","entity_swap","Which country is the island of Zanzibar part of?","tanzania","Of which island is Valletta the capital?","miss","high","assistant-prelabel"
"r_00067","customer_support","unrelated","I have to talkwith customer support","Thank you for trusting us! I'm fully aware of you need to speak with our customer support team. I'm here to guide you and provide the assistance you require. We have dedicated representatives available during our customer support hours to address your concerns and provide a satisfactory resolution. How can I assist you further in connecting with our team?","I need assistance solving payment errors","miss","high","assistant-prelabel"
"r_00068","customer_support","paraphrase","help with payments","I'm here to assist you with any issues or questions you have regarding payments. Whether you're experiencing difficulties making a payment or need clarification on a payment process, I'm here to guide you through it. Please let me know the specific payment issue or question you have, and I'll do my best to provide you with a solution or clarification.","where could I inform of bloody issues with payment?","hit","high","assistant-prelabel"
"r_00069","customer_support","paraphrase","I have got to send some feedback for your services, help me","Thank you for considering us as a platform to share your feedback! Your input is essential in helping us improve our services. I'm here to assist you in the best possible way. Please let me know if you have any specific concerns or experiences you'd like to address or if there's anything in particular you need guidance on while providing your feedback.","is there a seection to send my feedback for ur services","hit","high","assistant-prelabel"
"r_00070","customer_support","paraphrase","question about a lost PIN","I've realized losing your PIN can be quite frustrating, but don't worry, I'm here to help! In order to assist you with retrieving your lost PIN, please provide me with some additional information such as your account username or email address. With this information, I'll be able to guide you through the necessary steps to recover your PIN and regain access to your account.","question about a pass recovery","hit","high","assistant-prelabel"
"r_00071","customer_support","paraphrase","deleting account","Thank you for bringing up concerns about account deletion. I understand that this is an important decision for you, and I'm here to guide you through the process. To delete your account, please provide me with your account username or email address associated with it. This will allow me to assist you further and ensure a smooth deletion process.","want assistance ot close my standard account","hit","high","assistant-prelabel"
"r_00072","customer_support","paraphrase","I have to see the damn compensation status, can you help me?","I'm with you, your urgency in wanting to know the status of your compensation. Rest assured, I'm here to help you with that. Allow me a moment to check the current status of your compensation, and I'll provide you with an update right away. Thank you for your patience and for reaching out to us.","I need to see if there is anything new on the compensation","hit","high","assistant-prelabel"
"r_00073","open_domain_qa","entity_swap","Who sang the title song for the Bond film License To Kill?","gladys knight","A-Ha sang the title song for which Bond film?","miss","high","assistant-prelabel"
"r_00074","open_domain_qa","entity_swap","What is the capital of Sierra Leone?","freetown","What is the capital of Jersey?","miss","high","assistant-prelabel"
"r_00075","open_domain_qa","number_change","How many teaspoons are there in a cup?","48","How many rooms are there in 'Cluedo'?","miss","high","assistant-prelabel"
"r_00076","open_domain_qa","same_answer","Which of Batman's villains did Burgess Meridith play in the sixties TV series?","penguin","When Burgess Meredith was the special guest villain in Batman, which character did he play?","hit","high","assistant-prelabel"
"r_00077","customer_support","paraphrase","i have got to write an opinion","Thank you for expressing your desire to share your opinion! We greatly appreciate your feedback as it helps us understand our customers' experiences and continuously improve our services. Please feel free to share any specific details or insights you would like to provide in your opinion. We value your perspective and look forward to hearing from you.","is it possible to leave a comment about a service ?","hit","high","assistant-prelabel"
"r_00078","customer_support","paraphrase","I need assistance to earn an item","Thanks for dropping us a line to us with your request for assistance in acquiring an item. I'm here to provide the guidance you need to make your purchase. Could you please share more details about the specific item you are interested in earning? This information will enable me to help you navigate the process and ensure a seamless experience from start to finish.","want assistance shopping some of your product","hit","low","assistant-prelabel"
"r_00079","open_domain_qa","entity_swap","What is the capital of Sierra Leone?","freetown","What is the capital of Jersey?","miss","high","assistant-prelabel"
"r_00080","customer_support","paraphrase","I never make use of the gold account, help me deleting it","Grateful you reached out about your gold account. It's important to us that we assist you with your request to delete it. I understand that you haven't been using the account and would like it removed. Let me guide you through the process of deleting your gold account so that we can resolve this for you swiftly.","can ya help me to cancel my freemium account","miss","high","assistant-prelabel"
"r_00081","customer_support","paraphrase","what do I have to do to see your payment methods?","Thanks for reaching out! To view our payment methods, you can simply visit our website and navigate to the ""Payment Options"" or ""Payment Methods"" section. There, you'll find a comprehensive list of all the accepted payment methods we offer. If you need any further assistance or have any questions regarding our payment methods, feel free to let me know. I'm here to help!","I want assistance seeing your bloody payment options","hit","high","assistant-prelabel"
"r_00082","open_domain_qa","same_answer","What is Africa's largest country?","sudan","What is the largest country in Africa?","hit","high","assistant-prelabel"
"r_00083","customer_support","paraphrase","can i see the status of my subscription to ur newsletter","We appreciate your interest in checking the status of your subscription to our newsletter. We're here to help! Could you please provide me with the email address you used to subscribe? This way, I can look up your subscription details and provide you with an accurate update on its current status. Rest assured, we fully respect your privacy and will handle your information with utmost care.","assistance to cancel the subscription to your newsletter","miss","high","assistant-prelabel"
"r_00084","customer_support","paraphrase","I call to see when my parcel is going to arrive","We appreciate your enthusiasm to learn more about the status and estimated delivery time of your parcel. To provide you with accurate information, could you please share the tracking number or order number associated with your purchase? With this information, we will be able to track your parcel and give you a precise update on its arrival. Thank you for your cooperation in this matter.","I need to check how long it takes for my shipment to arrive","hit","high","assistant-prelabel"
"r_00085","open_domain_qa","entity_swap","Which country does the airline LACSA come from?","costa rica","Which country does the airline Air Littoral come from?","miss","high","assistant-prelabel"
"r_00086","customer_support","paraphrase","check invoices from eleven months ago","I acknowledge that you're looking to check invoices from eleven months ago. To assist you with this, could you please provide me with the specific date range for the invoices you would like to review? Once I have this information, I can guide you on how to access and view the invoices from that time period. Your satisfaction is my priority, and I'm here to help you every step of the way.","check invoice from last month","miss","high","assistant-prelabel"
"r_00087","open_domain_qa","number_change","How many stars appear on the flag of New Zealand?","4","How many golden stars appear in the circle on the blue background of the flag of the European Union?","miss","high","assistant-prelabel"
"r_00088","customer_support","unrelated","assistance to cancel my newsletter subscription","I acknowledge that you are seeking assistance to cancel your newsletter subscription. Your request to unsubscribe has been duly noted, and I'll ensure that it is promptly processed. Please allow me a moment to locate your subscription details so that I can proceed with the cancellation. Thank you for your patience and understanding.","i want assistance notifying of an registration issue","miss","high","assistant-prelabel"
"r_00089","open_domain_qa","entity_swap","Who had an 80s No 1 with Don't You Want Me?","human league","Who had an 80s No 1 with Lady?","miss","high","assistant-prelabel"
"r_00090","customer_support","paraphrase","I have to check your available payment modalities","I'll take care of it! I'm here to assist you in checking the available payment options. To provide you with the most accurate and up-to-date information, could you please provide me with your location or the specific website or platform you are referring to? This will help me give you the most relevant details regarding the payment methods offered.","see the allowed payment options","hit","high","assistant-prelabel"
"r_00091","customer_support","unrelated","is it possible to speak to someone ?","Thanks for getting in touch! I grasp that you are looking to speak with a live representative. Connecting you with a knowledgeable agent who can provide personalized assistance is of utmost importance to us. Please stay with me for a moment while I transfer you to the most suitable representative who can address your concerns effectively. Your patience is greatly appreciated!","want help to check when will my article arrive","miss","high","assistant-prelabel"
"r_00092","customer_support","unrelated","need to update my account can i get some help","How wonderful it is to witness your determination in updating your account!I am here to provide you with the necessary guidance and support throughout this process. Rest assured, you've come to the right place for assistance. Could you please specify which details you would like to update? This will enable me to provide you with the most accurate and relevant guidance.","i need assistance to buy some articles","miss","high","assistant-prelabel"
"r_00093","open_domain_qa","entity_swap","Which country does the airline Gronlandsfly come from?","greenland","Which country does the airline VIASA come from?","miss","high","assistant-prelabel"
"r_00094","open_domain_qa","entity_swap","What is the capital of Kenya?","nairobi","What is the capital of Venezuela ?","miss","high","assistant-prelabel"
"r_00095","customer_support","paraphrase","I do not know how to list your allowed payment methods","No problem at all! I'm here to assist you with that. To list our allowed payment methods, you can visit our website and navigate to the ""Payment Options"" or ""Checkout"" section. There, you will find a detailed list of all the payment methods we accept. If you need further guidance or have any specific questions, feel free to let me know. I'm always here to help you.","need to check ur allowed payment methods","hit","high","assistant-prelabel"
"r_00096","open_domain_qa","number_change","In which decade of the 20th century was Dan Aykroyd born?","50s","In which decade of the 20th century was Father's Day first celebrated?","miss","high","assistant-prelabel"
"r_00097","open_domain_qa","entity_swap","Which country does the airline Gronlandsfly come from?","greenland","Which country does boxer Vitali Klitschko come from?","miss","high","assistant-prelabel"
"r_00098","customer_support","paraphrase","I want assistance sending my damn feedback for a product","We greatly appreciate your intention to provide feedback on our product! Your feedback plays a crucial role in helping us improve and enhance our offerings. I'm here to assist you every step of the way in submitting your feedback. Please let me know how I can help you send your valuable insights.","I don't know how I can submit feedback for your products","hit","high","assistant-prelabel"
"r_00099","customer_support","paraphrase","question about a pass recovery","I understood that you have a question about password recovery. How may I assist you with that?","have a queston about a pin code recovery","miss","medium","assistant-prelabel"
"r_00100","customer_support","unrelated","wanna see how long refunds take could ya help me","I'll get right on it! I understand your curiosity about the duration of refund processing. To provide you with the most accurate information, may I please know if you're referring to refunds for a specific product or service? That way, I can guide you through the refund timeline based on your situation.","need to submit my feedback for a service can uhelp me","miss","high","assistant-prelabel"
"r_00101","customer_support","unrelated","wanna know more about modifying my delivery address","Sure! Modifying your delivery address is easy. You can simply log into your account on our website and navigate to the account settings or profile section. From there, you should be able to find an option to edit your address details. If you encounter any difficulties, don't hesitate to reach out to our customer support team, and they will be happy to assist you further.","status of order","miss","high","assistant-prelabel"
"r_00102","customer_support","paraphrase","I need to check how long it takes for my shipment to arrive","We understand your eagerness to know the estimated time it will take for your shipment to arrive. To provide you with the most accurate information, could you please provide us with the tracking number or order number? With this information, we will be able to give you a precise estimate of your shipment's delivery date. Thank you for your understanding and cooperation in this matter.","where can i check how soon can i expect my product","hit","high","assistant-prelabel"
"r_00103","customer_support","paraphrase","check invoices from last purchase","I realized that you want to check the invoices from your last purchase. To assist you further, could you please provide me with the order number or any other relevant information related to the purchase? This will help me locate the invoices more efficiently and provide you with the necessary details.","checking invoices from last month","miss","high","assistant-prelabel"
"r_00104","customer_support","paraphrase","editing user data","How extraordinary it is to witness your intention to edit your user data! Your commitment to personalization and optimization is truly admirable. To assist you with this, please provide me with the specific details you would like to modify on your user account. Together, we will ensure that your account reflects the most accurate and up-to-date information.","edit details on premium account","hit","high","assistant-prelabel"
"r_00105","customer_support","paraphrase","get invoices from 10 purchases ago","Sure! I understand your request to retrieve the invoices from your purchases made 10 transactions ago. Let me check our system for those invoices and provide you with the necessary details. Please bear with me for just a moment while I gather the information for you. Is there anything else I can assist you with in the meantime?","what do I need to do to get my last bills?","miss","high","assistant-prelabel"
"r_00106","customer_support","paraphrase","I have a question about the lost pass","I see that you have a question about the lost password. I'm here to assist you. Please go ahead and ask your question, and I'll provide you with the necessary guidance and support to help you retrieve your lost pass.","ihave a question about my pin recovery","miss","high","assistant-prelabel"
"r_00107","open_domain_qa","same_answer","How many people are there in an official tug of war team?","eight","How many bits are there in a byte?","hit","high","assistant-prelabel"
"r_00108","open_domain_qa","entity_swap","What is the correct name of laughing gas?","nitrous oxide","What is the main constituent of natural gas?","miss","high","assistant-prelabel"
"r_00109","open_domain_qa","entity_swap","What is the capital of Kenya?","nairobi","What is the capital of Jersey?","miss","high","assistant-prelabel"
"r_00110","customer_support","paraphrase","i try to file a customer claim against ur company","I'm sorry to hear that you are experiencing an issue and want to file a customer claim against our company. Your feedback and concerns are highly valued, and we want to ensure that we address them promptly. To assist you further, could you please provide more details about the nature of your claim? This will help us understand the situation better and provide you with the most appropriate support.","can ya help me to lodge a consumer claim","hit","high","assistant-prelabel"
"r_00111","open_domain_qa","number_change","How many stars appear on the flag of New Zealand?","4","How many golden stars appear in the circle on the blue background of the flag of the European Union?","miss","high","assistant-prelabel"
"r_00112","customer_support","paraphrase","where can i ask for compensations of money","I've realized that you're looking for information on where you can ask for compensations of money. To better assist you, could you please provide more details about the specific situation or company you're dealing with? This will allow me to provide you with accurate and tailored guidance on the appropriate channels or methods for requesting compensation.","how could I obtain rebates?","hit","high","assistant-prelabel"
"r_00113","open_domain_qa","number_change","How many ounces are there in a pound?","16","How many is there in a bakers dozen?","miss","high","assistant-prelabel"
"r_00114","customer_support","paraphrase","I want to modify my delivery address","Certainly! If you need to modify your delivery address, our customer support team can assist you with that. Please provide us with the updated address and we will make sure your package is delivered to the correct location.","can you tell me about correcting the address?","hit","high","assistant-prelabel"
"r_00115","customer_support","unrelated","i need help speaking to somebody","Honored to assist! I'm clued in that you need help speaking to somebody. Rest assured, I'm here to assist you in connecting with a live representative who can provide the support you need. Please allow me a moment to get you in touch with the right person.","get invoices from December","miss","high","assistant-prelabel"
"r_00116","open_domain_qa","entity_swap","What was Kevin Kline's first movie?","sophie s choice","What was Michael Keaton's first movie?","miss","high","assistant-prelabel"
"r_00117","customer_support","unrelated","i need support trying to chane my delivery address","Sure, I'd be happy to assist you with updating your delivery address. To make the change, please provide me with your current address and the new address you'd like it to be updated to.","help seeing the methods for delivery","miss","high","assistant-prelabel"
"r_00118","open_domain_qa","entity_swap","In which country was Angelica Huston born?","ireland","Mother Theresa was born in which country?","miss","high","assistant-prelabel"
"r_00119","customer_support","paraphrase","can ya help me to cancel my freemium account","I appreciate your request to cancel your freemium account. I'm here to assist you with the process. To get started, could you please confirm your account details, such as your username or email address, so that I can locate your account accurately? Once I have this information, I will guide you step-by-step on how to cancel your freemium account hassle-free.","problem with standard account removals","miss","high","assistant-prelabel"
"r_00120","open_domain_qa","entity_swap","Which musical featured the song Flash Bang, Wallop?","half","Which musical featured the song Tonight?","miss","high","assistant-prelabel"
"r_00121","customer_support","paraphrase","I am trying to shop something","Thank you for expressing your interest in shopping with us! I'm here to assist you in finding the perfect items. Could you please let me know what you are looking for? Whether it's clothing, electronics, or any other specific category, I'll provide you with recommendations tailored to your preferences. Let's make your shopping experience enjoyable and hassle-free!","i have got to acquire a few of u article","hit","high","assistant-prelabel"
"r_00122","customer_support","paraphrase","can you show me your accepted payment methods?","I'm on it! I'd be more than happy to assist you in exploring our accepted payment methods. To provide you with the most accurate and up-to-date information, could you please specify if you are referring to online or in-store payments? This will allow me to tailor my response to your specific needs. Thank you for your cooperation!","I want help checking the allowed payment modalities","hit","high","assistant-prelabel"
"r_00123","open_domain_qa","entity_swap","What is the correct name of laughing gas?","nitrous oxide","What is the main constituent of natural gas?","miss","high","assistant-prelabel"
"r_00124","open_domain_qa","entity_swap","Benito Juarez international airport is in which country?","mexico","Oran international airport is in which country?","miss","high","assistant-prelabel"
"r_00125","customer_support","paraphrase","I can't check if there are any news on my restitution","I grasp the frustration of not being able to check for updates on your restitution. Allow me to assist you with this matter. Can you please provide me with your order number or any other relevant details so that I can look into it and provide you with the latest information? Your patience and cooperation are greatly appreciated.","I have to track my compensation, can you help me?","hit","high","assistant-prelabel"
"r_00126","open_domain_qa","number_change","How many yards are there in a chain?","22","How many sheets of paper are there in a quire?","miss","high","assistant-prelabel"
"r_00127","customer_support","unrelated","have a problem with the deletio of my premium account","I'm sorry to hear that you're experiencing difficulties with the deletion of your premium account. I understand how frustrating this can be, and I'm here to assist you in resolving the issue. Could you please provide more details about the problem you're encountering? This will help me better understand the situation and provide you with the appropriate guidance for resolving the deletion problem.","help to acquire a few of your item","miss","high","assistant-prelabel"
"r_00128","open_domain_qa","number_change","In what year was the first Christmas card produced?","1843","In what year was the first Six Nations Championship played?","miss","high","assistant-prelabel"
"r_00129","customer_support","paraphrase","I need supports trying to update my shipping address","Sure! I'm here to help you update your shipping address. Please provide me with the details of the new address and I'll guide you through the process.","there is an issue trying to correct the address","hit","high","assistant-prelabel"
"r_00130","customer_support","paraphrase","I need a user","That's great! I'm here to help you create a new user. To get started, could you please provide me with some basic information such as the user's full name, email address, and a preferred username? Once I have these details, I can assist you in setting up the user account. Rest assured, the information you provide will be kept confidential and secure.","i have a question about creating a freemium account","hit","high","assistant-prelabel"
"r_00131","customer_support","paraphrase","have problems with a shipping address modification","We're sorry to hear that you're experiencing difficulties with modifying your shipping address. Our team is here to assist you and troubleshoot any issues you may be facing. Please provide us with more details or specific problems you are encountering so that we can address them accordingly.","error changing shipping address","hit","high","assistant-prelabel"
"r_00132","customer_support","paraphrase","want assistance ot close my standard account","Appreciate you reaching out to us for assistance with closing your standard account. I understand that you would like guidance in this process. Could you please provide me with some additional details about your account so that I can assist you better?","is it possible to remove the standardaccount?","hit","high","assistant-prelabel"
"r_00133","customer_support","unrelated","check invoice","Sure! I understand that you would like to check an invoice. To assist you further, could you please provide me with the invoice number or any additional details related to the invoice? This information will enable me to locate the invoice accurately and provide you with the necessary assistance.","talk to an operator","miss","high","assistant-prelabel"
"r_00134","open_domain_qa","entity_swap","In which country is the Aswan Dam?","egypt","In which country is The Aristocats set?","miss","high","assistant-prelabel"
"r_00135","customer_support","paraphrase","is there an address to send some feedback for your company?","We truly appreciate your desire to provide feedback! To ensure that your feedback reaches the right department, we recommend submitting it through our dedicated feedback form on our website. This way, we can promptly review your comments and take appropriate action. Thank you for taking the time to share your thoughts with us!","i need help to leave some feedback about ur services","hit","high","assistant-prelabel"
"r_00136","customer_support","paraphrase","can ya help me checking the cancellation charges","Sure, I'd be happy to help you check the cancellation charges. To get this information, please log in to your account on our website and navigate to the cancellation or termination section. There you will find details about the charges associated with cancelling your subscription. If you have any further questions, feel free to ask!","I need help seeing the early termination fees","hit","high","assistant-prelabel"
"r_00137","customer_support","paraphrase","I have to see my bill, help me","I'll do my best! I'm here to assist you in viewing your bill. Could you please provide me with any relevant details such as the bill number, client name, or date range? This information will help me locate and generate your bill promptly. Rest assured, I'll guide you every step of the way to ensure you have a seamless experience.","checking invoice from last month","hit","medium","assistant-prelabel"
"r_00138","customer_support","paraphrase","problem with standard account removals","Thank you for bringing up the issue regarding the removal of standard accounts. I completely understand the importance of this process to our users. Can you please provide some more details about the specific problem you are facing? By understanding the nature of the issue, we can work together to find an appropriate solution and ensure a smooth account removal experience for you.","problems with premium account deletions","miss","high","assistant-prelabel"
"r_00139","open_domain_qa","entity_swap","Luxor international airport is in which country?","egypt","Balice international airport is in which country?","miss","high","assistant-prelabel"
"r_00140","customer_support","paraphrase","I try to change the fucking personal details","We understand that you're frustrated. We apologize for any inconvenience caused. In order to assist you with changing your personal details, could you please provide more information about the specific details you would like to modify? We are here to help and ensure that your personal information is accurate and up-to-date.","change data on gold account","hit","high","assistant-prelabel"
"r_00141","customer_support","paraphrase","i need assistance to remove the platinum account","Glad you got in touch about removing your platinum account. I understand that you need assistance with this process, and I'm here to help. To ensure that your request is properly addressed, could you please provide me with some additional details about the account and the reason for its removal? This will allow me to guide you through the necessary steps to close your platinum account smoothly.","I want help closing a freemium account","miss","high","assistant-prelabel"
"r_00142","open_domain_qa","same_answer","What type of rock is granite?","igneous","What type of rock is basalt?","hit","high","assistant-prelabel"
"r_00143","open_domain_qa","entity_swap","Which country does musician Alfred Brendel come from?","austria","Which country does the airline Garuda come from?","miss","high","assistant-prelabel"
"r_00144","customer_support","paraphrase","want help to check when will my article arrive","We appreciate your inquiry regarding the delivery date of your article. To provide you with accurate information, could you please provide us with the order number or tracking number? This will enable us to track the shipment and share the estimated arrival date with you. We value your patience and cooperation as we work towards resolving your query and ensuring a smooth delivery experience.","I call to see when my parcel is going to arrive","hit","high","assistant-prelabel"
"r_00145","customer_support","paraphrase","getting invoice from last month","I'm picking up what you're putting down, your need to retrieve the invoice from last month. Allow me a moment to fetch that specific invoice for you. While I gather the details, please feel free to let me know if there's anything else I can assist you with. I'm here to ensure your complete satisfaction.","get invoice from nine months ago","miss","high","assistant-prelabel"
"r_00146","customer_support","paraphrase","what do I have to do to see your payment methods?","Thanks for reaching out! To view our payment methods, you can simply visit our website and navigate to the ""Payment Options"" or ""Payment Methods"" section. There, you'll find a comprehensive list of all the accepted payment methods we offer. If you need any further assistance or have any questions regarding our payment methods, feel free to let me know. I'm here to help!","I want help checking the allowed payment modalities","hit","high","assistant-prelabel"
"r_00147","customer_support","unrelated","I need help trying to update the shipping address","Absolutely! We are here to help you with updating your shipping address. To proceed with the address change, please provide us with your order details and the new address you would like to use. You can reach out to our customer service team either by phone or through our online chat support. We will guide you through the process and ensure a smooth update of your shipping address.","updating informtaion on standard account","miss","high","assistant-prelabel"
"r_00148","customer_support","paraphrase","I need assistance talking with a fucking operator","We value your outreach! I'm in tune with the fact that you're seeking assistance and would like to talk with an operator. I apologize if you're feeling frustrated. Rest assured, I'm here to help you connect with a live human agent who can assist you further. Please bear with me for a moment while I initiate the transfer. Your satisfaction is our top priority!","help me speaking with a goddamn agent","hit","high","assistant-prelabel"
"r_00149","open_domain_qa","entity_swap","What was Oliver Hardy's real first name?","norvell","What is Alistair Cooke's real first name?","miss","high","assistant-prelabel"
"r_00150","customer_support","paraphrase","i have got to see when mh delivery is gonna arrive","We understand your eagerness to know when your delivery will arrive. To provide you with an accurate update, please provide us with the tracking number or order number associated with your shipment. With that information, we can give you the most up-to-date estimate of your delivery date. Thank you for your cooperation and patience as we assist you.","is it possible to check how long the shipment takes?","hit","high","assistant-prelabel"
"r_00151","open_domain_qa","entity_swap","Carrasco international airport is in which country?","uruguay","Elmas international airport is in which country?","miss","high","assistant-prelabel"
"r_00152","customer_support","paraphrase","can you help me acquire several products?","I appreciate your interest in acquiring multiple products from us. We are here to assist you every step of the way. To provide you with the best guidance, could you please specify the products you are interested in? Once we have the details, we can ensure a smooth and satisfying shopping experience for you.","I'd like to shop some goddamn products can i get some hel","hit","high","assistant-prelabel"
"r_00153","customer_support","unrelated","wanna see how long refunds take could ya help me","I'll get right on it! I understand your curiosity about the duration of refund processing. To provide you with the most accurate information, may I please know if you're referring to refunds for a specific product or service? That way, I can guide you through the refund timeline based on your situation.","I have a question about the lost pass","miss","high","assistant-prelabel"
"r_00154","customer_support","unrelated","the address changed, can you help me change it?","Of course! We're here to assist you with changing your address. To do so, please provide us with your new address details, and we'll update it in our system for you.","help me seeing your fucking money back policy","miss","high","assistant-prelabel"
"r_00155","customer_support","unrelated","I need to check the withdrawal charge","Certainly, I can assist you in checking the withdrawal charge. Please provide me with your account details and I will look into this for you.","check my last parcel eta","miss","high","assistant-prelabel"
"r_00156","customer_support","paraphrase","i have a question about creating a freemium account","Thank you for reaching out with your inquiry about creating a freemium account. I'm here to provide you with all the information you need. Please feel free to ask me any questions you have, and I'll be happy to assist you in the process of setting up your freemium account. Let's get started!","open another freemium account","hit","high","assistant-prelabel"
"r_00157","open_domain_qa","entity_swap","Which country does the airline Gronlandsfly come from?","greenland","Which country does the airline Sansa come from?","miss","high","assistant-prelabel"
"r_00158","customer_support","paraphrase","there are issues trying to edit the shipping address","I apologize for the difficulties you're experiencing while trying to edit your shipping address. Let me help you resolve this issue.","can ya help me change my address","hit","high","assistant-prelabel"
"r_00159","customer_support","paraphrase","i want help leaving a comment about ur company","Indeed! I would be delighted to assist you in crafting a thoughtful comment about our company. Your feedback is an essential part of our growth and improvement. May I ask if there is a specific aspect of our company or a particular experience you would like to highlight in your comment? This will help me provide you with more tailored assistance.","I'm calling to leave a comment about a service","hit","high","assistant-prelabel"
"r_00160","open_domain_qa","entity_swap","What was Hitchcock's first sound movie?","blackmail","What was Christopher Reeve's first movie?","miss","high","assistant-prelabel"
"r_00161","customer_support","paraphrase","I can't unsubscribe from your company newsletter","I'm sorry to hear that you're having trouble unsubscribing from our company newsletter. I understand how important it is to have control over the emails you receive. Could you please provide me with your email address so that I can assist you further? Rest assured, once I have your email address, I'll do everything I can to ensure your unsubscribe request is processed promptly.","can i see the status of my subscription to ur newsletter","miss","high","assistant-prelabel"
"r_00162","customer_support","paraphrase","is it possible to see the cancellation fees?","I'll make it happen! I can provide you with information on the cancellation fees. Please give me a moment to check that for you.","help seeing the early termination fee","hit","high","assistant-prelabel"
"r_00163","customer_support","paraphrase","i do not know how i can remove the premium account","Thank you for your message about removing your premium account. I understand that you're unsure about the process, and I'm here to help. To remove your premium account, you can follow these steps: [Provide clear and concise instructions on how to remove the premium account]. If you encounter any issues or have further questions, please don't hesitate to let me know.","I have a question about my freemium account termination","miss","high","assistant-prelabel"
"r_00164","customer_support","paraphrase","I have a queston about the payment","Grateful you reached out with your question about the payment. I'm here to assist you. Please go ahead and let me know what specific question you have, and I'll provide you with the necessary information or guidance to address your concerns.","wantr help to solve issues with payment","hit","high","assistant-prelabel"
"r_00165","customer_support","unrelated","help to see how soon can i expect the goddamn roder","We understand your eagerness to know when you can expect your order to arrive. To provide you with an accurate estimate, may we please have the order number or tracking number? With that information, we will be able to give you the most up-to-date delivery details. We appreciate your patience and understanding.","assistance to inform of asign-up problem","miss","high","assistant-prelabel"
"r_00166","customer_support","paraphrase","I'd like to track purchase {{Order Number}} i need assistance","We're here for you to us for assistance with tracking your purchase. I understand the importance of staying updated on the status of your order. To help you with this, could you please provide me with your order number or any other relevant information about the purchase? Once I have that, I will be able to provide you with the latest information regarding your order.","check my last parcel eta","hit","high","assistant-prelabel"
"r_00167","customer_support","paraphrase","I'm trying to correct the info included on my profile","Your determination to correct the information included on your profile is truly inspiring! Making sure that your profile accurately reflects your details and preferences is essential for a personalized experience. I'm here to assist you in this process. Could you please provide me with more specific information about the corrections you would like to make?","correcting information on freemium account","hit","high","assistant-prelabel"
"r_00168","customer_support","paraphrase","check the cancellation penalties","Sure! To check the cancellation penalties, you can log in to your account and navigate to the ""Cancellation Policy"" section. There, you will find detailed information about the applicable fees and charges for canceling your service.","I am tring to see the early exit penalty","hit","high","assistant-prelabel"
"r_00169","customer_support","paraphrase","i have a question about creating a freemium account","Thank you for reaching out with your inquiry about creating a freemium account. I'm here to provide you with all the information you need. Please feel free to ask me any questions you have, and I'll be happy to assist you in the process of setting up your freemium account. Let's get started!","I need a user","hit","high","assistant-prelabel"
"r_00170","customer_support","paraphrase","I'm calling to check the shipping options","Greetings! How delightful that you've chosen to personally connect with us to explore our shipping options. Allow me to guide you through the breadth of our shipping selections, ensuring you discover the perfect fit for your needs.

To start, could you kindly provide me with your location? This information will enable me to provide accurate and tailored shipping options.","help seeing the methods for delivery","hit","high","assistant-prelabel"
"r_00171","open_domain_qa","number_change","In which decade of the 20th century was Alec Baldwin born?","1950s","In which decade of the 20th century was Anne Archer born?","miss","high","assistant-prelabel"
"r_00172","customer_support","paraphrase","help with creating my standard account","I'm here to assist you in creating your standard account. To get started, could you please provide me with your full name, email address, and a preferred username? Once I have this information, I'll guide you through the process and make sure you have all the necessary details. Rest assured, your privacy and security are our top priorities, so any information you share will be securely handled.","is it possible to create a freemium account?","miss","high","assistant-prelabel"
"r_00173","customer_support","paraphrase","assistance updating the damn user information","I truly appreciate your determination to update the user information.I'm here to guide you through the process and ensure that your updates are made successfully. It's important to note that for security reasons, we advise against using inappropriate or offensive language. Kindly provide me with the specific information you would like to update, and I will assist you promptly and professionally.","editing account","hit","high","assistant-prelabel"
"r_00174","customer_support","paraphrase","want assistance to report issues with payment","We appreciate your willingness to report any issues you're facing with payment. Rest assured, we're here to provide you with the assistance you need. To better understand and address the problem, could you please provide more details about the specific issues you're encountering? Your input is crucial in helping us resolve the issue effectively. Thank you for bringing this matter to our attention.","i need help informing of a trouble with payment","hit","high","assistant-prelabel"
"r_00175","customer_support","paraphrase","can I speak with a person ?","Thank you for reaching out! I appreciate your request to speak with a person. Rest assured, I'll connect you with one of our dedicated human representatives who will be more than happy to assist you further. Kindly stay with me for just a moment while I make the necessary arrangements for you. We're here to provide the personalized support you need.","I cannot speak to a goddamn live agent","hit","high","assistant-prelabel"
"r_00176","customer_support","paraphrase","help to see how soon can i expect the goddamn roder","We understand your eagerness to know when you can expect your order to arrive. To provide you with an accurate estimate, may we please have the order number or tracking number? With that information, we will be able to give you the most up-to-date delivery details. We appreciate your patience and understanding.","is it possible to check how long the shipment takes?","hit","high","assistant-prelabel"
"r_00177","customer_support","paraphrase","check invoice from last month","Thank you for reaching out! I understand your need to check the invoice from last month. To assist you further, could you please provide me with your account details or any specific information related to the invoice such as the client name or invoice number? With this information, I will be able to locate the invoice for you promptly and provide you with the necessary details.","check invoices","hit","high","assistant-prelabel"
"r_00178","customer_support","paraphrase","I have a question about opening standard accounts","That's great! I'm here to assist you with any questions you may have regarding opening standard accounts. Feel free to ask me anything, and I'll provide you with the information you need to make an informed decision. Whether you want to know about the requirements, benefits, or any other aspects of standard accounts, I'm here to help!","is it possible to create a freemium account?","miss","high","assistant-prelabel"
"r_00179","open_domain_qa","entity_swap","Which country is the island of Zanzibar part of?","tanzania","Of which country is Vientiane the capital?","miss","high","assistant-prelabel"
"r_00180","customer_support","unrelated","modifying data on gold account","How delightful it is to witness your enthusiasm in modifying the data on your gold account! Rest assured, I'm here to assist you every step of the way to ensure a seamless experience. May I know specifically which data you would like to modify? Your input matters greatly, and together we will make the desired changes to your gold account.","help regarding my signup","miss","high","assistant-prelabel"
"r_00181","customer_support","paraphrase","I am trying to contact a agent","Thank you for reaching out! I completely understand your need to contact a live agent. To ensure that you receive the most efficient assistance, could you please provide me with some more information about the specific issue or question you have? This will help me guide you towards the best way to connect with a human agent who can address your concerns promptly.","I have got to talk to someone, can you help me?","hit","high","assistant-prelabel"
"r_00182","customer_support","paraphrase","I want to retrieve the damn key of my user, I need help","No worries at all! I'm here to provide the necessary assistance to retrieve the key of your user account. Let's tackle this together and get you back on track!","question about a forgotten key","hit","high","assistant-prelabel"
"r_00183","customer_support","paraphrase","getting invoices from last month","I completely understand your need to access invoices from last month. To retrieve the invoices from the previous month, you can go to your account dashboard and navigate to the ""Invoices"" section. From there, you'll be able to filter the invoices by date and select the desired month. If you need any further assistance or have any other questions, please feel free to let me know. I'm here to help!","getting invoice from January","hit","medium","assistant-prelabel"
"r_00184","open_domain_qa","entity_swap","What was Oliver Hardy's real first name?","norvell","What is Brad Pitt's real first name?","miss","high","assistant-prelabel"
"r_00185","customer_support","paraphrase","I do not know how to check the early termination penalties","No worries, I can assist you with that! To check the early termination penalties, you'll need to contact our customer service team. They will be able to provide you with all the necessary information and guide you through the process. Don't hesitate to reach out to them for any further assistance you may need.","where to check the termination fees?","hit","high","assistant-prelabel"
"r_00186","customer_support","paraphrase","problem with gold account terminations","Thank you for bringing the issue with gold account terminations to our attention. We apologize for any inconvenience this may have caused. To better assist you, could you please provide more details about the problem you are facing? Our team is here to help and ensure a smooth termination process for your gold account.","i do not kow how i could delete the goddamn standard account","miss","high","assistant-prelabel"
"r_00187","customer_support","paraphrase","I'm trying to speak with a human agent","We're here for you! I'm aware that you are trying to speak with a human agent. I'm here to assist you with that. Rest assured, I'll connect you with one of our dedicated human representatives who will be more than happy to help you further. Please bear with me for a moment while I make the necessary arrangements. Your satisfaction is our priority, and we appreciate your patience.","assistance to contact somebody","hit","high","assistant-prelabel"
"r_00188","customer_support","paraphrase","help me receive ur newsletter","I appreciate your interest in receiving our newsletter! To ensure you receive it promptly, let's get you subscribed. Could you please provide me with your email address? Once I have that information, I'll make sure you're added to our newsletter list. Rest assured, we value your privacy and will handle your data with the utmost care.","wanna cancel my subscription to the newsletter","miss","high","assistant-prelabel"
"r_00189","customer_support","near_miss_intent","check the early termination penalties","I'm happy to help! I can help you with checking the early termination penalties. To proceed, please provide me with your account details and I will look into this for you.","checking invoices from last month","miss","high","assistant-prelabel"
"r_00190","open_domain_qa","entity_swap","What was the first movie western called?","kit carson","What was the first sequel to The Pink Panther called?","miss","high","assistant-prelabel"
"r_00191","customer_support","paraphrase","wanna order a few of ur article","Thank you for your interest in ordering a few of our articles! We appreciate your enthusiasm and are here to assist you every step of the way. To ensure a smooth and delightful experience, could you please provide us with the specific details of the articles you wish to order? Once we have the necessary information, we can guide you further and make the process effortless for you.","i need help to maake an order","hit","high","assistant-prelabel"
"r_00192","customer_support","paraphrase","could I unsubscribe to your corporate newsletter?","I grasp that you're interested in unsubscribing from our corporate newsletter. Your request for opting out is important to us, and we respect your decision. To assist you further, please provide me with the email address you used to subscribe to the newsletter. Once I have that information, I'll promptly unsubscribe you from our mailing list.","could you help me to sign up to the corporate newsletter?","miss","high","assistant-prelabel"
"r_00193","customer_support","paraphrase","assistance to contact somebody","Thank you for reaching out! I completely understand that you need assistance to contact somebody. I'm here to help you with that. Could you please provide some more information about the person you want to contact and the reason for your communication? This will help me guide you better and provide the most effective solution.","I have to talk with a person","hit","high","assistant-prelabel"
"r_00194","customer_support","paraphrase","I need help to lodge a claim against your organization","I realized, you require assistance in lodging a claim against our organization. I apologize for the inconvenience caused and assure you that I'm here to support you through this process. To better assist you, could you please provide me with the details of your claim? This will help me gather all the necessary information and ensure that your concerns are addressed effectively.","I need assistance lodging a claim","hit","high","assistant-prelabel"
"r_00195","customer_support","paraphrase","can you help me purchasing some articles?","We've received your message for assistance in purchasing articles. I'm here to lend a helping hand and ensure a smooth and enjoyable shopping experience. Please let me know what specific articles you are interested in, and I'll guide you through the process step by step. Together, we'll make sure you find the perfect items and have a delightful shopping journey.","want help ordering a few ofur article","hit","high","assistant-prelabel"
"r_00196","open_domain_qa","entity_swap","What was the name of Gene Autry's horse?","champion","What was the name of Tex Ritter's horse?","miss","high","assistant-prelabel"
"r_00197","open_domain_qa","entity_swap","What are the international registration letters of a vehicle from Brunei?","bru","What are the international registration letters of a vehicle from The Bahamas?","miss","high","assistant-prelabel"
"r_00198","open_domain_qa","same_answer","What was the name of the Volkswagen Beetle which made it's first appearance in The Love Bug?","herbie","What was the name of the car in the film The Love Bug?","hit","high","assistant-prelabel"
"r_00199","open_domain_qa","entity_swap","Who wrote the novel The Go Between?","l p hartley","Who wrote the novel The Godfather?","miss","high","assistant-prelabel"
"r_00200","customer_support","paraphrase","I have problems with the shipment methods","Oh, I'm sorry to hear that you're experiencing difficulties with our shipment methods. I'm here to assist you and find a solution to your problem. Could you please provide me with some more details about the issues you're facing? Once I have a better understanding, I'll do my best to help you resolve them and ensure your satisfaction.","assistance checking what damn shipping methods I have","hit","medium","assistant-prelabel"
"r_00201","customer_support","paraphrase","get invoices from last purchase","I hear you loud and clear that you would like to retrieve the invoices from your most recent purchase. Give me a moment to gather that information for you. Once I have retrieved the invoices, I will provide you with the necessary details. Thank you for your patience.","get invoice from nine months ago","miss","high","assistant-prelabel"
"r_00202","open_domain_qa","entity_swap","In which country was Arnold Schwarzenegger born?","austria","In which country was Michael J. Fox born?","miss","high","assistant-prelabel"
"r_00203","customer_support","paraphrase","i have to speak with a bloody human agent","Always good to connect! I'm attuned to the fact that you're feeling frustrated and really need to speak with a human agent. I apologize for any inconvenience caused. Rest assured, I'm here to help. Please allow me a moment while I connect you with one of our dedicated human representatives who will guide you through your concerns. Your patience during this process is sincerely appreciated.","I need to chat with an agent, can you help me?","hit","high","assistant-prelabel"
"r_00204","customer_support","paraphrase","need help seeing my rebate status","I'm fully aware of your desire to check the status of your rebate. Rebates are an important part of our commitment to providing value to our customers. Let me quickly gather the necessary information to give you an accurate update on the status of your rebate. In the meantime, if you have any further questions or concerns, please don't hesitate to let me know.","showing reimbursement status","hit","high","assistant-prelabel"
"r_00205","customer_support","paraphrase","help me seeing your fucking money back policy","I apologize for any inconvenience caused, but I'm unable to assist with that specific request. However, if you have any other questions or concerns about our refund policy, I'll be more than happy to provide you with the necessary information. Just let me know how I can assist you further.","wanna see how long refunds take could ya help me","miss","high","assistant-prelabel"
"r_00206","customer_support","paraphrase","check invoices from last purchase","I realized that you want to check the invoices from your last purchase. To assist you further, could you please provide me with the order number or any other relevant information related to the purchase? This will help me locate the invoices more efficiently and provide you with the necessary details.","check invoice","hit","high","assistant-prelabel"
"r_00207","open_domain_qa","entity_swap","Which country does the airline LACSA come from?","costa rica","Which country does the airline Ladeco come from?","miss","high","assistant-prelabel"
"r_00208","customer_support","paraphrase","I'd like to track purchase {{Order Number}} i need assistance","We're here for you to us for assistance with tracking your purchase. I understand the importance of staying updated on the status of your order. To help you with this, could you please provide me with your order number or any other relevant information about the purchase? Once I have that, I will be able to provide you with the latest information regarding your order.","i have to see the damn ETA of my delivery helpme","hit","high","assistant-prelabel"
"r_00209","customer_support","paraphrase","could you help me to delete something?","Assuredly! I understand that you're seeking assistance with deleting an item. To better assist you, could you please provide the order or purchase number associated with the item you wish to delete? With this information, I'll be able to guide you through the process and ensure that your request is handled accurately and efficiently.","can you help me changing a product of a purchase?","miss","high","assistant-prelabel"
"r_00210","customer_support","paraphrase","status of order","I see what you mean! I'm on the same page that you would like to know the status of your order. To assist you further, could you please provide me with the order number? Once I have the order number, I will be able to check the status and provide you with the relevant information.","i have to see the damn ETA of my delivery helpme","hit","high","assistant-prelabel"
"r_00211","customer_support","paraphrase","I cannot report problems with sign-up","We understand that you are unable to report any problems with the sign-up process. We apologize for any inconvenience this may cause. If you have any questions or need assistance with any other issues, please feel free to let us know. We are here to help ensure you have a seamless experience.","i want assistance notifying of an registration issue","miss","medium","assistant-prelabel"
"r_00212","open_domain_qa","entity_swap","Benito Juarez international airport is in which country?","mexico","Santander international airport is in which country?","miss","high","assistant-prelabel"
"r_00213","open_domain_qa","same_answer","In which country is the deepwater port of Trondheim?","norway","Which country's parliament is called the Storting?","hit","high","assistant-prelabel"
"r_00214","customer_support","paraphrase","want help receiving compensations","I've understood you are seeking assistance with receiving compensations. I'm here to help you with that. In order to provide you with the most accurate guidance, could you please provide me with some more information about the specific situation where you are seeking compensation? This will help me understand the details and work towards finding the most suitable solution for you.","where can I ask for restitutions of my money?","hit","high","assistant-prelabel"
"r_00215","customer_support","unrelated","I do not know how to check the early termination penalties","No worries, I can assist you with that! To check the early termination penalties, you'll need to contact our customer service team. They will be able to provide you with all the necessary information and guide you through the process. Don't hesitate to reach out to them for any further assistance you may need.","i do not know how i can remove the premium account","miss","high","assistant-prelabel"
"r_00216","open_domain_qa","entity_swap","In which country is the deepwater ort of Brindisi?","italy","In which country is the Angostura bridge?","miss","high","assistant-prelabel"
"r_00217","open_domain_qa","entity_swap","Carrasco international airport is in which country?","uruguay","Boukhalef International airport is in which country?","miss","high","assistant-prelabel"
"r_00218","customer_support","paraphrase","I need to edit my bloody user, will you help me?","How empowering it is to witness your determination to edit your user information!I'm here to offer my full support and guidance throughout this process. Rest assured, I'll assist you in every step to ensure a seamless and satisfactory experience. Let's dive in and make the necessary changes together!","editing data on pro account","hit","high","assistant-prelabel"
"r_00219","open_domain_qa","number_change","How many kilobytes are there in a megabyte?","1 024","How many ounces are there in a pound?","miss","high","assistant-prelabel"
"r_00220","customer_support","paraphrase","help with creating my standard account","I'm here to assist you in creating your standard account. To get started, could you please provide me with your full name, email address, and a preferred username? Once I have this information, I'll guide you through the process and make sure you have all the necessary details. Rest assured, your privacy and security are our top priorities, so any information you share will be securely handled.","I ain't registered, can I create a standard account?","hit","high","assistant-prelabel"
"r_00221","customer_support","paraphrase","status of order","I see what you mean! I'm on the same page that you would like to know the status of your order. To assist you further, could you please provide me with the order number? Once I have the order number, I will be able to check the status and provide you with the relevant information.","i have to see the damn ETA of my delivery helpme","hit","high","assistant-prelabel"
"r_00222","open_domain_qa","entity_swap","Which country does the airline LACSA come from?","costa rica","Which country does the airline Aero Lloyd come from?","miss","high","assistant-prelabel"
"r_00223","customer_support","unrelated","i want help checking what methods for delivery uoffer","You're in luck! Exploring the diverse realm of delivery methods available to you is something I would be delighted to help with. Allow me to shed light on our shipping options, tailored to suit your needs and preferences. With each method carefully crafted, your satisfaction is our top priority. Let's take a closer look together!","getting refund of money","miss","high","assistant-prelabel"
"r_00224","customer_support","unrelated","check invoice","Sure! I understand that you would like to check an invoice. To assist you further, could you please provide me with the invoice number or any additional details related to the invoice? This information will enable me to locate the invoice accurately and provide you with the necessary assistance.","talk to an operator","miss","high","assistant-prelabel"
"r_00225","open_domain_qa","entity_swap","Which movie director was born on exactly the same day as actor Tommy Lee Jones?","oliver stone","Which composer was born on exactly the same day as TV evangelist Pat Robertson?","miss","high","assistant-prelabel"
"r_00226","customer_support","paraphrase","check invoices from last purchase","I realized that you want to check the invoices from your last purchase. To assist you further, could you please provide me with the order number or any other relevant information related to the purchase? This will help me locate the invoices more efficiently and provide you with the necessary details.","checking invoices","hit","high","assistant-prelabel"
"r_00227","customer_support","paraphrase","I need to buy an aricle","Thank you for reaching out! I'm glad to assist you with your purchase. To help me better understand your requirements, could you please provide more details about the specific article you are interested in? This will enable me to guide you through the process and ensure a seamless shopping experience.","I do not know how to buy several of your product","hit","high","assistant-prelabel"
"r_00228","customer_support","paraphrase","I try to unsubscribe from your newsletter","I see that you've been attempting to unsubscribe from our newsletter. I apologize for any inconvenience this may have caused. To help me assist you better, could you please provide me with the email address you used to subscribe? Once I have that information, I will ensure your unsubscribe request is processed promptly. Thank you for bringing this to our attention, and we appreciate your patience.","I cannot see the status of my newsletter subscription","miss","high","assistant-prelabel"
"r_00229","open_domain_qa","entity_swap","Which country does the airline Gronlandsfly come from?","greenland","Which country does boxer Vitali Klitschko come from?","miss","high","assistant-prelabel"
"r_00230","open_domain_qa","entity_swap","Which country does musician Alfred Brendel come from?","austria","Which country does boxer Vitali Klitschko come from?","miss","high","assistant-prelabel"
"r_00231","open_domain_qa","entity_swap","In Greek mythology, who was the goddess of the rainbow?","iris","In Greek mythology, who was the twin sister of Apollo?","miss","high","assistant-prelabel"
"r_00232","customer_support","near_miss_intent","checking invoices","I understand your need to check your invoices. Let's explore the best way to access the information you're looking for. Could you please provide me with some additional details? For example, are you looking for a specific invoice number or a particular date range? This will help me assist you more effectively and locate the invoices you need.","wanna see how long refunds take could ya help me","miss","high","assistant-prelabel"
"r_00233","customer_support","paraphrase","what do i have to do to list ur allowed payment options","Thank you for your question! To view the list of our allowed payment options, you can simply visit our website and navigate to the payment methods page. There, you will find a comprehensive overview of the different payment methods we accept. If you have any further questions or need assistance with any specific payment method, I am here to help!","I have got to check the fucking accepted payment methods","hit","high","assistant-prelabel"
"r_00234","customer_support","paraphrase","can you help me check the rebate current status?","I'll take care of it! I'm here to assist you in checking the current status of your rebate. It's natural to want to stay informed about the progress of your reimbursement. To provide you with an accurate update, could you please provide me with your rebate reference number or any other information related to your rebate? Once I have that, I'll be able to quickly track down the details for you.","want help seeing the refund status","hit","high","assistant-prelabel"
"r_00235","customer_support","unrelated","I want assistance to create a freemium account","That's great! I'm excited to help you create a freemium account. To get started, could you please provide me with your full name, email address, and a preferred username? Once I have this information, I'll guide you through the account creation process step by step. Rest assured, your personal details will be securely stored. Let's begin this exciting journey together!","where can i ask for compensations of money","miss","high","assistant-prelabel"
"r_00236","customer_support","unrelated","question about canceling a bloody purchase","For sure! I understand that you have some concerns regarding canceling your purchase. I'm here to help. Can you please provide me with the order number of your purchase so that I can assist you more effectively?","can you help me speaking with a human agent?","miss","high","assistant-prelabel"
"r_00237","open_domain_qa","entity_swap","Theodore Francis international airport is in which US state?","rhode island","Elmas international airport is in which country?","miss","high","assistant-prelabel"
"r_00238","open_domain_qa","same_answer","In which decade of the 20th century was James Caan born?","1930s","In which decade was Charles Schulz born?","miss","low","assistant-prelabel"
"r_00239","customer_support","unrelated","I am trying to see what hours I can contact customet service","Thank you for contacting us! I understand that you are interested in knowing the hours during which you can reach our customer service team. I'm here to assist you with that information. Our customer service is available to support you during the following hours: [Customer Support Hours]. If you have any other questions or concerns, feel free to let me know. How else may I assist you today?","I have a question about my freemium account termination","miss","high","assistant-prelabel"
"r_00240","open_domain_qa","same_answer","What was the first film Alfred Hitchcock made in Hollywood?","rebecca","What was the first film that Alfred Hitchcock made in Hollywood and the only one that won a Best Picture Oscar?","hit","high","assistant-prelabel"
"r_00241","open_domain_qa","entity_swap","Which country does the airline Air Pacific come from?","fiji","Which country does the airline Gulf Air come from?","miss","high","assistant-prelabel"
"r_00242","customer_support","paraphrase","help me seeing if there are any updates on the compensation","I'm on it! I understand how important it is to stay informed about the updates on your compensation. Allow me to check the current status for you. While I do that, I wanted to ask if you have received any notification or communication from us regarding the progress of your compensation? Your input would help me provide you with the most accurate and up-to-date information.","could I know if there is anything new on my compensation?","hit","high","assistant-prelabel"
"r_00243","customer_support","paraphrase","I have a question about a password recovery","Assuredly! I understand that you have a question regarding the password recovery process. Please feel free to ask your question, and I'll be more than happy to provide you with the information you need to regain access to your account. Just know that I'm here to assist you every step of the way!","question about a lost PIN","miss","high","assistant-prelabel"
"r_00244","customer_support","paraphrase","get invoice from November","Sure! I completely understand your need to obtain the invoice from November. Give me a moment while I access our system and retrieve that for you. In the meantime, feel free to let me know if there's anything else I can assist you with.","getting invoices from last purchase","miss","high","assistant-prelabel"
"r_00245","customer_support","paraphrase","i do not know how i can remove the premium account","Thank you for your message about removing your premium account. I understand that you're unsure about the process, and I'm here to help. To remove your premium account, you can follow these steps: [Provide clear and concise instructions on how to remove the premium account]. If you encounter any issues or have further questions, please don't hesitate to let me know.","I have a question about my freemium account termination","miss","high","assistant-prelabel"
"r_00246","open_domain_qa","entity_swap","Hellenikon international airport is in which country?","greece","Arlanda international airport is in which country?","miss","high","assistant-prelabel"
"r_00247","customer_support","paraphrase","change order","Thank you for your message to us regarding the change to your order. We strive to provide excellent service and assistance with order modifications. To proceed with the change, could you please provide the order number that you would like to modify? This way, we can ensure that we're addressing the correct order and provide you with the necessary assistance to make the desired changes.","can you help me changing a product of a purchase?","hit","high","assistant-prelabel"
"r_00248","customer_support","paraphrase","get invoice from November","Sure! I completely understand your need to obtain the invoice from November. Give me a moment while I access our system and retrieve that for you. In the meantime, feel free to let me know if there's anything else I can assist you with.","getting invoice from last month","hit","medium","assistant-prelabel"
"r_00249","open_domain_qa","entity_swap","Which country does the airline Gronlandsfly come from?","greenland","From which country does Stella Artois come?","miss","high","assistant-prelabel"
"r_00250","open_domain_qa","same_answer","From which island nation does the lager Red Stripe originate?","jamaica","Red Stripe beer comes from which country?","hit","high","assistant-prelabel"
"r_00251","open_domain_qa","entity_swap","What is the capital of Kenya?","nairobi","Oology is the study of what?","miss","high","assistant-prelabel"
"r_00252","customer_support","paraphrase","modifying platinum account","How splendid it is to witness your enthusiasm in modifying your platinum account!I'm here to provide you with the necessary guidance and assistance. To get started, could you please let me know which specific details you would like to modify? This will allow me to tailor my guidance specifically to your needs and ensure a seamless experience.","mldifying standard account","miss","high","assistant-prelabel"
"r_00253","customer_support","paraphrase","i have to see ur refund policy will ya herlp me","Definitely! I understand that you would like to review our refund policy. I'll be more than happy to assist you with that. Our refund policy is designed to ensure that you have a clear understanding of the circumstances under which you might be eligible for a refund. Please allow me a moment to retrieve the details for you.","wanna see how long refunds take could ya help me","miss","low","assistant-prelabel"
"r_00254","open_domain_qa","entity_swap","What is the capital of Sierra Leone?","freetown","What is the capital city of China?","miss","high","assistant-prelabel"
"r_00255","customer_support","paraphrase","i domt know what to do to see the available payment options","No problem at all! I'm here to assist you in finding the information you need. To view our available payment options, you can visit our website and go to the checkout page. There, you will be presented with a list of payment methods that we accept. Should you require any additional help or have further questions, feel free to reach out. We're always here to support you throughout your journey!","I need to see the available payment modalities","hit","high","assistant-prelabel"
"r_00256","customer_support","paraphrase","is it possible to remove the standardaccount?","I've ascertained that you're looking to remove your standard account. Yes, it is definitely possible to delete your standard account. Our support team can assist you with this process and provide you with the necessary steps. Please let me know if you would like me to connect you with our support team or if there's anything else I can assist you with.","I want help closing a freemium account","miss","high","assistant-prelabel"
"r_00257","customer_support","unrelated","there are problems trying to update my address","I'm sorry to hear that you're experiencing difficulties in updating your address. To assist you further, could you please provide more details about the specific issues or error messages you're encountering? This information will help us identify the problem and find a solution for you as quickly as possible.","i have a question about creating a freemium account","miss","high","assistant-prelabel"
"r_00258","open_domain_qa","entity_swap","In which country was Arnold Schwarzenegger born?","austria","Mother Theresa was born in which country?","miss","high","assistant-prelabel"
"r_00259","open_domain_qa","entity_swap","Which country is the island of Zanzibar part of?","tanzania","Nairobi is the capital of which African country?","miss","high","assistant-prelabel"
"r_00260","open_domain_qa","entity_swap","Carrasco international airport is in which country?","uruguay","Bujumbura international airport is in which country?","miss","high","assistant-prelabel"
"r_00261","customer_support","paraphrase","is it possible to check how long the shipment takes?","We understand your curiosity about the duration it takes for your shipment to arrive. We would be more than happy to provide you with the estimated delivery time. To proceed, could you please provide us with either the tracking number or order number? With this crucial information, we will be able to give you an accurate estimate. Your patience and cooperation are greatly appreciated.","help to see how soon can i expect the goddamn roder","hit","high","assistant-prelabel"
"r_00262","open_domain_qa","same_answer","What type of animal was World Cup Willie, the mascot for the 1966 World Cup?","lion","What type of animal was World Cup Willie, the 1966 Football World Cup mascot?","hit","high","assistant-prelabel"
"r_00263","customer_support","paraphrase","I have got to file a reclamation","I'm sorry to hear that you need to file a reclamation. It's important for us to address your concerns and resolve any issues. Could you please provide me with more details about the reclamation you would like to file? This will help us understand the situation better and ensure that we provide you with the appropriate assistance to resolve the matter.","making customer claim","hit","high","assistant-prelabel"
"r_00264","open_domain_qa","entity_swap","Carrasco international airport is in which country?","uruguay","Cuscatlan international airport is in which country?","miss","high","assistant-prelabel"
"r_00265","open_domain_qa","entity_swap","Which country does the airline Air Pacific come from?","fiji","Which country does the airline Garuda come from?","miss","high","assistant-prelabel"
"r_00266","customer_support","paraphrase","subscription to your company newsletter","Thank you for expressing your interest in subscribing to our company newsletter! It's a fantastic way to stay updated on the latest product launches, exclusive offers, and industry trends. To proceed with the subscription, may I kindly ask for your email address? Rest assured, we prioritize the security and privacy of your information.","I cannot see the status of my newsletter subscription","miss","high","assistant-prelabel"
"r_00267","open_domain_qa","entity_swap","In which country is the Aswan Dam?","egypt","In which country is the Angostura bridge?","miss","high","assistant-prelabel"
"r_00268","customer_support","unrelated","question about canceling a bloody purchase","For sure! I understand that you have some concerns regarding canceling your purchase. I'm here to help. Can you please provide me with the order number of your purchase so that I can assist you more effectively?","can you help me speaking with a human agent?","miss","high","assistant-prelabel"
"r_00269","customer_support","paraphrase","issues submitting my delivery adfdress","I've been informed that you're encountering issues while submitting your delivery address. I apologize for any inconvenience caused. To assist you further, could you please provide more details about the specific error or issue you're facing? This will allow me to provide you with the most accurate guidance and ensure a smooth resolution to the problem. Thank you for your cooperation.","I have errors entering a new delivery address","hit","high","assistant-prelabel"
"r_00270","customer_support","paraphrase","need to make a complaint","I'm sorry to hear that you have a complaint. Your feedback is of utmost importance to us, and I want to ensure that your concerns are addressed properly. Could you please provide me with more details about what happened and what specific issue you would like to file a complaint about? This will help us understand the situation better and take appropriate action to resolve it.","i want help making a claim against u company","hit","high","assistant-prelabel"
"r_00271","open_domain_qa","number_change","In which decade was the Oral Roberts University founded at Tulsa?","1960s","In which decade was the National University, San Diego, California founded?","miss","high","assistant-prelabel"
"r_00272","open_domain_qa","entity_swap","Hellenikon international airport is in which country?","greece","Augusto C Sandino international airport is in which country?","miss","high","assistant-prelabel"
"r_00273","customer_support","paraphrase","I have to notify of an issue with sign-up","Thank you for informing us about the issue you encountered during the sign-up process. Your feedback is crucial for us to identify and resolve any underlying problems. Could you please provide more details about the specific issue you faced? This will help us better understand the situation and work towards finding a solution. We greatly appreciate your patience and cooperation in this matter.","can i inform of rwgistration errors","hit","high","assistant-prelabel"
"r_00274","customer_support","unrelated","i have lost the invoice #00108 could umail it to me","I'm on the same wavelength, your situation and I'm here to help. Unfortunately, I'm unable to email the invoice directly to you. However, I can guide you through the process of retrieving the lost invoice. Please bear with me while I gather the necessary information and provide you with the steps to access the invoice.","I do not know how to leave some feedback about a product","miss","high","assistant-prelabel"
"r_00275","customer_support","paraphrase","where do I see the termination penalties?","To view the termination penalties, you can refer to your contract agreement. The details regarding the termination fees should be outlined in the terms and conditions section. If you can't locate it, I recommend reaching out to our customer support team who can provide you with the specific information related to your account.","can i see the cancellation fees","hit","high","assistant-prelabel"
"r_00276","customer_support","paraphrase","I have got to earn a few of your product","Thank you for your interest in acquiring a few of our products! I'm here to guide you through the process of making your purchase. To better assist you, could you please provide more details about the specific products you would like to acquire? Once I have all the necessary information, I'll be able to ensure a smooth and seamless experience for you.","assistance to earn several of your item","hit","high","assistant-prelabel"
"r_00277","customer_support","paraphrase","I have a question about the removal of a premium account","We're here to help about the removal of your premium account. I understand that you have some questions, and I'm here to provide the information you need. Please go ahead and ask your question, and I'll do my best to assist you and address all your concerns. Remember, there's no wrong question, and your satisfaction is our priority.","i need assistance to remove the platinum account","miss","high","assistant-prelabel"
"r_00278","customer_support","paraphrase","cancel order","I've realized that you're seeking assistance in canceling an order. I'll be happy to guide you through the process. Could you please provide me with the order number or any relevant details about the order you would like to cancel? With that information, I'll be able to provide you with the specific steps to cancel your order successfully.","question about canceling a bloody purchase","hit","high","assistant-prelabel"
"r_00279","customer_support","near_miss_intent","I want assistance seeing your bloody payment options","Appreciate your message to us! I'm here to assist you in accessing our payment options. To view our available payment methods, you can visit our website and navigate to the ""Payment Methods"" section. If you have any questions or need further clarification, please feel free to let me know.","wanna see how long refunds take could ya help me","miss","high","assistant-prelabel"
"r_00280","customer_support","unrelated","I have to see what hours I can call customer service","I'm on it! I'm here to assist you with that. Our dedicated customer service team is available to help you during our customer support hours. To provide you with accurate information, may I ask which time zone you are located in? This way, I can give you the precise hours when you can reach us.","help regarding my signup","miss","high","assistant-prelabel"
"r_00281","open_domain_qa","entity_swap","What was the name of Gene Autry's horse?","champion","What was the name of the Bionic Man?","miss","high","assistant-prelabel"
"r_00282","customer_support","near_miss_intent","help seeing the methods for delivery","Gladly! Let's embark on an expedition to explore the diverse methods we have for delivery...","I call to see when my parcel is going to arrive","miss","high","assistant-prelabel"
"r_00283","open_domain_qa","same_answer","Which is the largest city in India?","calcutta","What city, famous for its 'black hole' is the Capital of West Bengal, and the third largest in India?","hit","high","assistant-prelabel"
"r_00284","customer_support","paraphrase","I want help to check if there are any news on the refund","Of course! I completely understand your eagerness to receive updates on the status of your refund. Allow me to assist you in checking for any new information regarding your refund. Please bear with me for a moment while I gather the details. Your patience is greatly appreciated as we work together to provide you with the most accurate and up-to-date information.","I need to see the current status of my refund","hit","high","assistant-prelabel"
"r_00285","open_domain_qa","same_answer","What was the profession of New Yorker Garry Winogrand?","photographer","What was the profession of Thomas Eakins?","hit","low","assistant-prelabel"
"r_00286","customer_support","paraphrase","I want help to lodge a customer claim","I've got that you're seeking assistance with lodging a customer claim, and I'm here to help you with that. We take customer claims seriously and want to address any concerns you may have. Could you please provide me with specific details regarding your claim? This will help us better understand the situation and work towards finding a resolution for you.","I'm extremely unhapp with ur services help to make a claim","hit","high","assistant-prelabel"
"r_00287","customer_support","paraphrase","help to see how soon can i expect the goddamn roder","We understand your eagerness to know when you can expect your order to arrive. To provide you with an accurate estimate, may we please have the order number or tracking number? With that information, we will be able to give you the most up-to-date delivery details. We appreciate your patience and understanding.","i have got to see when mh delivery is gonna arrive","hit","high","assistant-prelabel"
"r_00288","open_domain_qa","same_answer","Who produced the first jumbo jet in 1975?","boeing","Who produced the first Chinook helicopter in 1961?","hit","high","assistant-prelabel"
"r_00289","open_domain_qa","entity_swap","Which country is the island of Zanzibar part of?","tanzania","Which is the principal island of Japan?","miss","high","assistant-prelabel"
"r_00290","open_domain_qa","same_answer","In which US state were the last summer Olympics of the century held?","georgia","In which American state were the 1996 Olympic Games held?","hit","high","assistant-prelabel"
"r_00291","customer_support","paraphrase","where to enter another delivery address?","Unquestionably! I understand that you're looking to enter another delivery address. To provide you with accurate guidance, could you please let me know which platform or website you are using to set up your delivery address? Once I have this information, I will be able to assist you further in navigating to the correct location to enter your new delivery address.","where can i enter a secondary shipping adcress","hit","high","assistant-prelabel"
"r_00292","customer_support","unrelated","I need help  checking the withdrawal charges","Certainly, I can assist you in checking the withdrawal charges. To do so, please provide me with your account details or any other relevant information.","i want assistance notifying of an registration issue","miss","high","assistant-prelabel"
"r_00293","customer_support","paraphrase","can udirect ot me somebody","It's great to hear from you! I can see that you are looking for someone to direct you to the right person. I'm here to assist you in connecting with the appropriate representative who can address your needs. Could you please provide me with more information about the specific assistance you require? This will help me guide you to the right individual swiftly and efficiently.","talk to person","hit","high","assistant-prelabel"
"r_00294","open_domain_qa","entity_swap","In which country was Angelica Huston born?","ireland","In which country was Adolf Hitler born?","miss","high","assistant-prelabel"
"r_00295","customer_support","unrelated","can I speak with somebody?","We're here for you! I'm aware that you would like to speak with someone. I would be more than happy to connect you with one of our dedicated human representatives who can assist you further. Please bear with me for a moment while I transfer you to the right person. They will be able to provide you with the personalized support you need.","I have to modify the info included on my user, help me","miss","high","assistant-prelabel"
"r_00296","open_domain_qa","entity_swap","Which country does the airline Gronlandsfly come from?","greenland","Which country does the airline Aero Lloyd come from?","miss","high","assistant-prelabel"
"r_00297","customer_support","paraphrase","there is any updates on my rebate","I hear you loud and clear your need for updates on your rebate. I know how important it is to stay informed about the status of your refund. Let me quickly check the current updates for you. While I gather the information, could you please confirm the email address associated with your account? This will help me locate your rebate details accurately. Thank you for your patience and cooperation.","I want help to check if there are any news on the refund","hit","high","assistant-prelabel"
"r_00298","open_domain_qa","entity_swap","What was the name of Gene Autry's horse?","champion","What was the name of the computer in Blake's Seven?","miss","high","assistant-prelabel"
"r_00299","customer_support","paraphrase","neerd help chatting with a human agent","We're here to help! I take note that you need help chatting with a human agent. Our team of dedicated representatives is here to assist you. Please allow me just a moment to connect you with the right person who can address your concerns. Stay with me, and I will ensure you receive prompt and personalized assistance.","I want help to speak to somebody","hit","high","assistant-prelabel"
"r_00300","open_domain_qa","number_change","How many blank tiles are there in a game of Scrabble?","2","How many yards are there in a chain?","miss","high","assistant-prelabel"
"r_00301","customer_support","near_miss_intent","can you help me camceling the purchase I made?","I've been informed that you need assistance with canceling the purchase you made. I'm here to provide guidance and support throughout the process.","remove item from order","miss","high","assistant-prelabel"
"r_00302","open_domain_qa","entity_swap","Benito Juarez international airport is in which country?","mexico","Bujumbura international airport is in which country?","miss","high","assistant-prelabel"
"r_00303","customer_support","unrelated","I want assistance to create a freemium account","That's great! I'm excited to help you create a freemium account. To get started, could you please provide me with your full name, email address, and a preferred username? Once I have this information, I'll guide you through the account creation process step by step. Rest assured, your personal details will be securely stored. Let's begin this exciting journey together!","getting invoice from three purchases ago","miss","high","assistant-prelabel"
"r_00304","open_domain_qa","same_answer","Which is the largest planet in the solar system?","jupiter","Ganymede is the largest moon in the solar system, around which planet does it orbit?","hit","high","assistant-prelabel"
"r_00305","customer_support","paraphrase","is it possible to create a freemium account?","I'm on it! I'm thrilled to assist you in creating a freemium account, where you can enjoy a range of basic features and services at no cost. This is a great option if you want to explore our platform before upgrading to a premium account. Rest assured, our team is here to guide you through the account creation process, ensuring a seamless and satisfying experience. How can I help you get started?","I have a question about opening standard accounts","miss","high","assistant-prelabel"
"r_00306","open_domain_qa","entity_swap","What was Scarlett O'Hara's real first name?","katie","What was Rambo's first name?","miss","high","assistant-prelabel"
"r_00307","customer_support","paraphrase","I'm calling to check the shipping options","Greetings! How delightful that you've chosen to personally connect with us to explore our shipping options. Allow me to guide you through the breadth of our shipping selections, ensuring you discover the perfect fit for your needs.

To start, could you kindly provide me with your location? This information will enable me to provide accurate and tailored shipping options.","i want help checking what methods for delivery uoffer","hit","high","assistant-prelabel"
"r_00308","open_domain_qa","number_change","How many gallons are there in a firkin?","9","How many noggings are there in a pint?","miss","high","assistant-prelabel"
"r_00309","open_domain_qa","entity_swap","Amelia Earhart was born in which state?","kansas","In which state was Charles Schulz born?","miss","high","assistant-prelabel"
"r_00310","customer_support","paraphrase","what is the customer service workinghours?","Thank you for reaching out! I'm here to help you with the information you need about our customer service working hours. Our dedicated customer service team is available to assist you Monday through Friday from 9:00 AM to 6:00 PM. If you have any further questions or need assistance with anything else, feel free to let me know.","do uhave a toll-free customer assistance phone number","miss","high","assistant-prelabel"
"r_00311","open_domain_qa","entity_swap","Which is the largest of the Japanese Volcano Islands?","iwo jima","Which is the largest moon of Saturn?","miss","high","assistant-prelabel"
"r_00312","customer_support","paraphrase","I have to see what hours I can call customer service","I'm on it! I'm here to assist you with that. Our dedicated customer service team is available to help you during our customer support hours. To provide you with accurate information, may I ask which time zone you are located in? This way, I can give you the precise hours when you can reach us.","i need help calling customer service","hit","high","assistant-prelabel"
"r_00313","open_domain_qa","same_answer","In which decade of the 20th century was Alec Baldwin born?","1950s","In which decade of the 20th century was Michael Keaton born?","hit","high","assistant-prelabel"
"r_00314","customer_support","paraphrase","I have a question about the lost pass","I see that you have a question about the lost password. I'm here to assist you. Please go ahead and ask your question, and I'll provide you with the necessary guidance and support to help you retrieve your lost pass.","ihave a question about my pin recovery","miss","high","assistant-prelabel"
"r_00315","customer_support","paraphrase","i have lost the invoice #00108 could umail it to me","I'm on the same wavelength, your situation and I'm here to help. Unfortunately, I'm unable to email the invoice directly to you. However, I can guide you through the process of retrieving the lost invoice. Please bear with me while I gather the necessary information and provide you with the steps to access the invoice.","get invoice from nine months ago","miss","high","assistant-prelabel"
"r_00316","customer_support","paraphrase","can you help me sending my feedback for your services?","For sure! I'd be more than happy to assist you in sending your feedback for our services. Your insights are incredibly valuable to us as they enable us to understand your experience and make improvements. Could you please provide me with some details about your feedback? That way, I can guide you through the process and ensure that your feedback is appropriately shared with the relevant team.","I want to send some feedback, I need assistance","hit","high","assistant-prelabel"
"r_00317","customer_support","unrelated","can you help me check the early exit penalties?","I'll do my best! To assist you with checking the early exit penalties, please provide me with your account information so that I can access the necessary details for you.","I need assistance buying an article","miss","high","assistant-prelabel"
"r_00318","open_domain_qa","number_change","In which decade was Arnold Schwarzenegger born?","1950s","In which decade was Ewan McGregor born?","miss","high","assistant-prelabel"
"r_00319","customer_support","paraphrase","editing info on freemium account","How wonderful it is to witness your enthusiasm for editing the information on your freemium account!I'm here to provide you with the necessary assistance and guidance to ensure a smooth and seamless process. Let's work together to update the details on your account and customize your experience to suit your needs. Could you please specify the particular information you would like to edit?","updating information on standard account","miss","high","assistant-prelabel"
"r_00320","open_domain_qa","entity_swap","On a computer keyboard which letter on the same line is between C and B?","v","On a computer keyboard which letter on the same line is immediately right of the O?","miss","high","assistant-prelabel"
"r_00321","open_domain_qa","entity_swap","Theodore Francis international airport is in which US state?","rhode island","Hellenikon international airport is in which country?","miss","high","assistant-prelabel"
"r_00322","open_domain_qa","number_change","How many gallons are there in a firkin?","9","How many sheets of paper are there in a quire?","miss","high","assistant-prelabel"
"r_00323","open_domain_qa","entity_swap","What was Oliver Hardy's real first name?","norvell","What was Buster Keaton's actual first name?","miss","high","assistant-prelabel"
"r_00324","customer_support","unrelated","cancel order","I've realized that you're seeking assistance in canceling an order. I'll be happy to guide you through the process. Could you please provide me with the order number or any relevant details about the order you would like to cancel? With that information, I'll be able to provide you with the specific steps to cancel your order successfully.","I want help using the freemium account","miss","high","assistant-prelabel"
"r_00325","customer_support","paraphrase","help me canceling my subscription to the newsletter","I can see that you're looking for assistance with canceling your subscription to our newsletter. I apologize for any inconvenience caused and I'm here to help you. To proceed with the cancellation, could you please provide me with the email address that you used to subscribe to the newsletter? Once I have the necessary information, I will ensure that your subscription is canceled promptly.","I try to unsubscribe from your newsletter","hit","high","assistant-prelabel"
"r_00326","customer_support","paraphrase","can you show me how long it takes for the article to arrive?","We understand your desire to know the estimated arrival time for your article. In order to provide you with accurate information, could you please provide us with the tracking number or order number? With that information, we can give you a precise estimate. We appreciate your cooperation in this matter.","i have got to see when mh delivery is gonna arrive","hit","high","assistant-prelabel"
"r_00327","customer_support","paraphrase","check invoice","Sure! I understand that you would like to check an invoice. To assist you further, could you please provide me with the invoice number or any additional details related to the invoice? This information will enable me to locate the invoice accurately and provide you with the necessary assistance.","i have to look for the bill from ten months ago","miss","high","assistant-prelabel"
"r_00328","open_domain_qa","same_answer","Which human body organ weighs about 2 kilos?","liver","Which organ of the human body does hepatitis affect?","hit","high","assistant-prelabel"
"r_00329","open_domain_qa","entity_swap","What is the capital of Sierra Leone?","freetown","What is the capital of Hong Kong?","miss","high","assistant-prelabel"
"r_00330","open_domain_qa","number_change","In which decade of the 20th century was Billy Crystal born?","1940s","In which decade of the 20th century was Dan Aykroyd born?","miss","high","assistant-prelabel"
"r_00331","customer_support","paraphrase","I need to see my goddamn invoices from last year","Thank you for reaching out! I completely understand your urgency to access your invoices from last year. Rest assured, I'm here to assist you in retrieving that information. Could you please provide me with your account details, such as your account number or any other relevant information? This will help me locate and provide you with the invoices you need efficiently.","check invoices","hit","high","assistant-prelabel"
"r_00332","customer_support","unrelated","where do i ask for a refund","To request a refund, you can reach out to our customer support team. They are experts in handling such situations and will assist you throughout the process. You can contact them through our website or by calling our dedicated support number. Rest assured, our team is committed to resolving your refund request as quickly and efficiently as possible, ensuring a satisfactory outcome for you.","i want assistance submitting feedback about an service","miss","high","assistant-prelabel"
"r_00333","customer_support","paraphrase","I have to report a problem with payments","Thank you for reporting the problem you're experiencing with payments. Your feedback is invaluable in helping us improve our services. To better assist you, could you please provide more details about the specific issue you encountered? This will allow us to investigate and resolve the problem promptly. We appreciate your patience and understanding as we work towards a solution.","I want help solving payment problems","hit","high","assistant-prelabel"
"r_00334","customer_support","unrelated","I'm calling to check the shipping options","Greetings! How delightful that you've chosen to personally connect with us to explore our shipping options. Allow me to guide you through the breadth of our shipping selections, ensuring you discover the perfect fit for your needs.

To start, could you kindly provide me with your location? This information will enable me to provide accurate and tailored shipping options.","can uhelp me change the data on my profile","miss","high","assistant-prelabel"
"r_00335","open_domain_qa","same_answer","Which famous character was created by Michael Bond in a series of books for children?","paddington bear","Michael Bond wrote about which famous bear in a series of books for children?","hit","high","assistant-prelabel"
"r_00336","customer_support","paraphrase","i have got to see when mh delivery is gonna arrive","We understand your eagerness to know when your delivery will arrive. To provide you with an accurate update, please provide us with the tracking number or order number associated with your shipment. With that information, we can give you the most up-to-date estimate of your delivery date. Thank you for your cooperation and patience as we assist you.","how can I check how long it takes for the package to arrive?","hit","high","assistant-prelabel"
"r_00337","customer_support","paraphrase","I want help solving payment problems","You're in the right place! I'm here to provide the assistance you need to resolve any payment problems you're facing. Please share the specific details of the issue you're encountering so that I can offer the most accurate guidance. Remember, together we can overcome any challenge, and I'm committed to helping you every step of the way.","need assistance informing of a trouble with payment","hit","high","assistant-prelabel"
"r_00338","open_domain_qa","same_answer","The Curragh is in which country?","ireland","The shamrock is the national badge of which country?","hit","high","assistant-prelabel"
"r_00339","customer_support","paraphrase","can you help me to check the early termination charge ?","Certainly! I would be happy to assist you in checking the early termination charge. Please log in to your account and go to the ""Fees and Charges"" or ""Cancellation Policy"" section to find the information you need. If you have any further questions, feel free to ask!","withrdawal penalty","hit","medium","assistant-prelabel"
"r_00340","open_domain_qa","number_change","How many ounces are there in a pound?","16","How many sheets of paper are there in a quire?","miss","high","assistant-prelabel"
"r_00341","customer_support","unrelated","I call to see when my parcel is going to arrive","We appreciate your enthusiasm to learn more about the status and estimated delivery time of your parcel. To provide you with accurate information, could you please share the tracking number or order number associated with your purchase? With this information, we will be able to track your parcel and give you a precise update on its arrival. Thank you for your cooperation in this matter.","could I know if there are any news on my reimbursement?","miss","high","assistant-prelabel"
"r_00342","customer_support","unrelated","notify of trouble with payment","Thank you for bringing this to our attention. I'm sorry to hear that you're experiencing trouble with your payment. Can you provide more details about the issue you're facing? This will help us better understand the problem and provide you with an appropriate solution. Rest assured, we're here to assist you every step of the way and ensure a smooth payment process.","I want to retrieve my fucking user profile access key","miss","high","assistant-prelabel"
"r_00343","customer_support","unrelated","can ya help me to leave some feedback for ur company","Certainly! I'm here to assist you with leaving feedback for our company. Your feedback is incredibly valuable to us, as it helps us understand your experience and make improvements. Could you please let me know the specific details or comments you'd like to share? I'm here to listen and ensure that your feedback reaches the appropriate department.","I want help using the freemium account","miss","high","assistant-prelabel"
"r_00344","customer_support","paraphrase","i want help seeing what payment methods uaccept","Of course! I'm here to assist you in seeing the payment methods we accept. To provide you with an up-to-date list, could you please specify the region or country you are in? This will ensure that I provide you with accurate information for your location. Your satisfaction is our top priority, and we want to make sure you have all the information you need.","see the allowed payment options","hit","high","assistant-prelabel"
"r_00345","open_domain_qa","number_change","How many bones are there in a normal human hand?","27","How many gallons are there in a firkin?","miss","high","assistant-prelabel"
"r_00346","customer_support","paraphrase","want help to see if there are any news on the rebate","Firstly, we want to assure you that we understand how important it is for you to stay updated on the status of your rebate. We appreciate your trust and patience throughout this process. Let me quickly check if there are any updates on your rebate for you. Rest assured, we're here to keep you informed every step of the way.","help me seeing if there are any updates on the compensation","hit","high","assistant-prelabel"
"r_00347","customer_support","paraphrase","wanna chevk the invoices from 8 years ago how could i do it","I understand your desire to check invoices from 8 years ago. To assist you, please provide me with your account details or any other relevant information so that I can guide you on how to access and view the invoices from that time period. Rest assured, I'm here to make the process as seamless as possible for you.","check invoices from eleven months ago","miss","high","assistant-prelabel"
"r_00348","open_domain_qa","number_change","What is the boiling point of water?","100 degrees celsius","What is the boiling point of water in degrees Fahrenheit?","miss","high","assistant-prelabel"
"r_00349","customer_support","paraphrase","i have to see the damn ETA of my delivery helpme","It's great to hear from you! I can see that you are looking to find the estimated time of arrival (ETA) for your delivery. To assist you with this, could you please provide me with the order number or any other relevant details? With that information, I can quickly check the status of your delivery and provide you with the most accurate ETA.","order 00123842current status","hit","high","assistant-prelabel"
"r_00350","open_domain_qa","entity_swap","Hellenikon international airport is in which country?","greece","Calabar international airport is in which country?","miss","high","assistant-prelabel"
"r_00351","open_domain_qa","number_change","How many kilobytes are there in a megabyte?","1 024","How many ounces are there in a pound?","miss","high","assistant-prelabel"
"r_00352","customer_support","paraphrase","i need help speaking to somebody","Honored to assist! I'm clued in that you need help speaking to somebody. Rest assured, I'm here to assist you in connecting with a live representative who can provide the support you need. Please allow me a moment to get you in touch with the right person.","talk to agent","hit","high","assistant-prelabel"
"r_00353","customer_support","paraphrase","wanna see how long refunds take could ya help me","I'll get right on it! I understand your curiosity about the duration of refund processing. To provide you with the most accurate information, may I please know if you're referring to refunds for a specific product or service? That way, I can guide you through the refund timeline based on your situation.","help me seeing your fucking money back policy","hit","medium","assistant-prelabel"
"r_00354","customer_support","paraphrase","need to make a complaint","I'm sorry to hear that you have a complaint. Your feedback is of utmost importance to us, and I want to ensure that your concerns are addressed properly. Could you please provide me with more details about what happened and what specific issue you would like to file a complaint about? This will help us understand the situation better and take appropriate action to resolve it.","i want help making a claim against u company","hit","high","assistant-prelabel"
"r_00355","open_domain_qa","entity_swap","Stapleton international airport is in which US state?","colorado","Benito Juarez international airport is in which country?","miss","high","assistant-prelabel"
"r_00356","customer_support","paraphrase","I need to see if there is anything new on the compensation","Happy to get your message regarding your compensation. I understand your need to stay up-to-date and I'm here to assist you with any new information. Please allow me a moment to check the status of your compensation. I'll provide you with the latest updates shortly. Thank you for your patience.","I want assistance to see the status of the compensation","hit","high","assistant-prelabel"
"r_00357","open_domain_qa","entity_swap","What was Oliver Hardy's real first name?","norvell","What was Mother Teresa's real first name?","miss","high","assistant-prelabel"
"r_00358","customer_support","paraphrase","getting refund of money","I get that you're looking to get a refund of your money. Obtaining a refund can vary depending on the specific circumstances, such as the payment method used or the terms and conditions of the purchase. To assist you further, could you please provide more details about your situation? This will allow me to give you specific guidance and help ensure a successful refund process.","want help receiving compensations","hit","high","assistant-prelabel"
"r_00359","open_domain_qa","number_change","In what year did the Gunpowder Plot take place?","1605","In what year did the first Red Nose Day take place?","miss","high","assistant-prelabel"
"r_00360","open_domain_qa","entity_swap","What was Oliver Hardy's real first name?","norvell","What was Buster Keaton's actual first name?","miss","high","assistant-prelabel"
"r_00361","open_domain_qa","entity_swap","Which country does musician Alfred Brendel come from?","austria","Which country does the airline Sansa come from?","miss","high","assistant-prelabel"
"r_00362","customer_support","near_miss_intent","where to get a rebate?","I gather that you're looking for information on where to get a rebate. To provide you with the most accurate guidance, could you please specify what type of rebate you are referring to? Is it a rebate on a product purchase, a rebate for a service, or a rebate from a specific company? Once I have more details, I can direct you to the appropriate channels or resources where you can avail the rebate.","I need help to see the current status of the refund","miss","high","assistant-prelabel"
"r_00363","customer_support","unrelated","where to see your accepted payment methods?","Thank you for your inquiry! To view our accepted payment methods, you can visit our website and navigate to the ""Payments"" or ""Checkout"" section. There, you will find a detailed list of the payment options we accept. If you have any specific questions or need further assistance, please feel free to let me know.","I'd like to track purchase {{Order Number}} i need assistance","miss","high","assistant-prelabel"
"r_00364","customer_support","paraphrase","i have a question about a goddamn shipping address change","I apologize for any frustration you may be experiencing regarding a shipping address change. How can I assist you with this?","can you help me change my shipping address ?","hit","high","assistant-prelabel"
"r_00365","customer_support","unrelated","is it possible to talk to damn customer support?","Grateful for your contact! I get the sense that you're frustrated and looking for assistance from our customer support team. We are here to help and address any concerns you may have. Please let us know how we can assist you, and we'll do our best to provide a satisfying resolution. Your satisfaction is of utmost importance to us, and we appreciate your patience and understanding.","where can i order some of ur article","miss","high","assistant-prelabel"
"r_00366","customer_support","paraphrase","I need help to check if there are any news on the rebate","I certainly recognize your need to keep updated on any news regarding your rebate. It's important to have the latest information on its progress. Let me quickly check the system for any updates and I'll get back to you with the details. In the meantime, I appreciate your patience and rest assured that we're doing everything we can to provide you with the necessary information.","want help to see if there are any news on the rebate","hit","high","assistant-prelabel"
"r_00367","customer_support","unrelated","I cannot report problems with sign-up","We understand that you are unable to report any problems with the sign-up process. We apologize for any inconvenience this may cause. If you have any questions or need assistance with any other issues, please feel free to let us know. We are here to help ensure you have a seamless experience.","i have an issue submitting the new delivery address","miss","high","assistant-prelabel"
"r_00368","customer_support","paraphrase","could ya help me to report an isue with payment","Indeed! I'm here to assist you with reporting any issues you might be facing with your payment. Please provide me with more details about the problem so that I can understand it better and help you effectively. Your feedback is invaluable in improving our services, and I appreciate your willingness in bringing this issue to our attention. Let's work together to resolve this matter.","I want assistance to solve a problem with payment","hit","high","assistant-prelabel"
"r_00369","open_domain_qa","number_change","In which year was the film studio Paramount opened?","1912","In which year was the film Casablanca premiered?","miss","high","assistant-prelabel"
"r_00370","open_domain_qa","entity_swap","What is the capital of Kenya?","nairobi","What is the capital of Iraq?","miss","high","assistant-prelabel"
"r_00371","open_domain_qa","entity_swap","What is the capital of Sierra Leone?","freetown","What is the capital city of Canada?","miss","high","assistant-prelabel"
"r_00372","open_domain_qa","same_answer","How many muscles are there in total in an average human's set of fingers?","none","How many muscles are there in a human finger?","hit","high","assistant-prelabel"
"r_00373","customer_support","paraphrase","I have a question about the removal of a premium account","We're here to help about the removal of your premium account. I understand that you have some questions, and I'm here to provide the information you need. Please go ahead and ask your question, and I'll do my best to assist you and address all your concerns. Remember, there's no wrong question, and your satisfaction is our priority.","i need assistance to remove the platinum account","miss","high","assistant-prelabel"
"r_00374","customer_support","unrelated","I have got to order some items, can you help me?","Thank you for reaching out! I'm here to assist you in ordering the items you need. Let's make this a seamless and rewarding experience for you. Could you please provide me with the details of the items you would like to order? Once I have the information, I'll guide you through the process and ensure that everything goes smoothly.","I have a question about the lost pass","miss","high","assistant-prelabel"
"r_00375","customer_support","paraphrase","help to see how soon can i expect the goddamn roder","We understand your eagerness to know when you can expect your order to arrive. To provide you with an accurate estimate, may we please have the order number or tracking number? With that information, we will be able to give you the most up-to-date delivery details. We appreciate your patience and understanding.","help me to check when will my article arrive","hit","high","assistant-prelabel"
"r_00376","customer_support","paraphrase","i have an issue submitting the new delivery address","I can sense that you're having trouble submitting the new delivery address. I apologize for the inconvenience caused. To better assist you, could you please provide more details about the issue you're facing? Are you encountering any error messages or is the address not being accepted? Once I have more information, I'll be able to guide you through the process and help you resolve the issue.","issues submitting my delivery adfdress","hit","high","assistant-prelabel"
"r_00377","customer_support","paraphrase","i need help checking the termination fee","Certainly, I can help you with checking the termination fee. Please provide me with your account details so that I can access the necessary information.","i want help to check the early exit penalties","hit","high","assistant-prelabel"
"r_00378","customer_support","paraphrase","order 00123842current status","Thank you for reaching out! I'm here to assist you with checking the current status of your order. To provide you with accurate information, may I kindly request you to confirm the order number for me? Once I have the order number, I'll be able to guide you on how to check the current status.","I'd like to track purchase {{Order Number}} i need assistance","hit","high","assistant-prelabel"
"r_00379","customer_support","paraphrase","need help filing an complaint against your company","I'm sorry to hear that you need help filing a complaint against our company. Your feedback is crucial to us, and we take it very seriously. I'll do my best to assist you in this process. Could you please provide me with more details about the complaint? This will help me understand the situation better and assist you more effectively.","I try to file a consumer complaint against your company","hit","high","assistant-prelabel"
"r_00380","customer_support","paraphrase","I can't unsubscribe from your company newsletter","I'm sorry to hear that you're having trouble unsubscribing from our company newsletter. I understand how important it is to have control over the emails you receive. Could you please provide me with your email address so that I can assist you further? Rest assured, once I have your email address, I'll do everything I can to ensure your unsubscribe request is processed promptly.","can i see the status of my subscription to ur newsletter","miss","high","assistant-prelabel"
"r_00381","customer_support","unrelated","help me subscribe to ur newsletter","I appreciate your interest in subscribing to our newsletter! I'm here to assist you with the process. Could you please provide me with your email address? Once I have that, I will promptly subscribe you to our newsletter, ensuring you receive our latest updates, news, and promotions.","have a queston about a pin code recovery","miss","high","assistant-prelabel"
"r_00382","customer_support","paraphrase","i canot correct the order i made","We understand that you are having difficulty correcting the order you made. We apologize for any inconvenience this may have caused. To assist you further, could you please provide us with the order number? This will enable us to understand your situation better and find a suitable solution for you. Your satisfaction is our top priority, and we are here to help.","could you help me to delete something?","miss","high","assistant-prelabel"
"r_00383","open_domain_qa","number_change","How many teaspoons are there in a cup?","48","How many yards are there in a chain?","miss","high","assistant-prelabel"
"r_00384","open_domain_qa","entity_swap","Which country does the airline Gronlandsfly come from?","greenland","Which country does the airline Transkei Airways come from?","miss","high","assistant-prelabel"
"r_00385","customer_support","paraphrase","can you help me to chat with an operator?","Honored to assist! I'm clued in that you're looking for assistance in chatting with an operator. Our team of dedicated operators is here to help you. Please allow me a moment to connect you with one of our skilled operators who will be happy to assist you further.","speaking with assistant","hit","high","assistant-prelabel"
"r_00386","customer_support","paraphrase","I need assistance to submit my feedback about your products","Thank you for choosing to provide feedback on our products! Your thoughts and opinions are invaluable to us as we strive to continuously improve. I'd be more than happy to guide you through the process of submitting your feedback. Could you please let me know your preferred method of submission? We offer various channels such as email, online forms, or even through our customer support team.","i need help to leave some feedback about ur services","hit","high","assistant-prelabel"
"r_00387","customer_support","paraphrase","getting invoices from last month","I completely understand your need to access invoices from last month. To retrieve the invoices from the previous month, you can go to your account dashboard and navigate to the ""Invoices"" section. From there, you'll be able to filter the invoices by date and select the desired month. If you need any further assistance or have any other questions, please feel free to let me know. I'm here to help!","get invoice from nine months ago","miss","high","assistant-prelabel"
"r_00388","customer_support","unrelated","where do i ask for a refund","To request a refund, you can reach out to our customer support team. They are experts in handling such situations and will assist you throughout the process. You can contact them through our website or by calling our dedicated support number. Rest assured, our team is committed to resolving your refund request as quickly and efficiently as possible, ensuring a satisfactory outcome for you.","question about a pass recovery","miss","high","assistant-prelabel"
"r_00389","customer_support","paraphrase","I have errors entering a new delivery address","I appreciate that you're encountering errors while entering a new delivery address, and I apologize for any inconvenience caused. To better assist you, could you please provide more information about the specific errors you are experiencing? This will help me understand the issue more clearly and provide you with the most suitable solution.","shipping addtess trouble","hit","high","assistant-prelabel"
"r_00390","open_domain_qa","entity_swap","What was Hitchcock's first sound movie?","blackmail","What was Alfred Hitchcock's first colour movie?","miss","high","assistant-prelabel"
"r_00391","open_domain_qa","number_change","How many yards are there in a mile?","1 760","How many noggings are there in a pint?","miss","high","assistant-prelabel"
"r_00392","customer_support","unrelated","I am trying to see what hours I can contact customet service","Thank you for contacting us! I understand that you are interested in knowing the hours during which you can reach our customer service team. I'm here to assist you with that information. Our customer service is available to support you during the following hours: [Customer Support Hours]. If you have any other questions or concerns, feel free to let me know. How else may I assist you today?","I have a question about my freemium account termination","miss","high","assistant-prelabel"
"r_00393","customer_support","paraphrase","i have to see ur refund policy will ya herlp me","Definitely! I understand that you would like to review our refund policy. I'll be more than happy to assist you with that. Our refund policy is designed to ensure that you have a clear understanding of the circumstances under which you might be eligible for a refund. Please allow me a moment to retrieve the details for you.","wanna see how long refunds take could ya help me","hit","medium","assistant-prelabel"
"r_00394","customer_support","paraphrase","I have errors entering a new delivery address","I appreciate that you're encountering errors while entering a new delivery address, and I apologize for any inconvenience caused. To better assist you, could you please provide more information about the specific errors you are experiencing? This will help me understand the issue more clearly and provide you with the most suitable solution.","i have an issue submitting the new delivery address","hit","high","assistant-prelabel"
"r_00395","customer_support","unrelated","cancel order","I've realized that you're seeking assistance in canceling an order. I'll be happy to guide you through the process. Could you please provide me with the order number or any relevant details about the order you would like to cancel? With that information, I'll be able to provide you with the specific steps to cancel your order successfully.","wanna see how long refunds take could ya help me","miss","high","assistant-prelabel"
"r_00396","open_domain_qa","entity_swap","Carrasco international airport is in which country?","uruguay","Bourgas international airport is in which country?","miss","high","assistant-prelabel"
"r_00397","customer_support","paraphrase","check invoice from last purchase","I understand your desire to retrieve the invoice from your most recent purchase. It's important to have those documents for your records. To assist you better, could you please provide me with the order number or any additional details related to your last purchase? With this information at hand, I'll be able to locate the exact invoice you're looking for and guide you accordingly.","checking invoices","hit","high","assistant-prelabel"
"r_00398","customer_support","unrelated","ihave a question about my pin recovery","Certainly! I'm here to assist you with any questions you have about pin recovery. Feel free to ask me anything, and together, we'll find the best solution to your query.","i have to see the damn ETA of my delivery helpme","miss","high","assistant-prelabel"
"r_00399","open_domain_qa","number_change","How many yards are in a furlong?","220","How many yards are there in a mile?","miss","high","assistant-prelabel"
"r_00400","customer_support","paraphrase","need help to see what payment options  are allowed","Sure! I'm here to assist you with checking the payment options allowed. To provide you with accurate information, could you please let me know which specific website or platform you are referring to? This will allow me to guide you through the process more effectively.","need to check ur allowed payment methods","hit","high","assistant-prelabel"
"r_00401","customer_support","paraphrase","I want assistance to solve a problem with payment","Definitely! I'm here to provide you with the assistance you need to solve the problem with your payment. Please provide me with more details about the issue you're facing so that I can better understand the situation and offer you effective solutions. Your feedback is valuable, and I appreciate your patience as we work together to resolve this matter.","help with payment","hit","high","assistant-prelabel"
"r_00402","open_domain_qa","same_answer","Who won a record ninth Wimbledon singles title in 1990?","martina navratilova","Who won the ladies singles most times at Wimbledon in the 80s?","hit","high","assistant-prelabel"
"r_00403","customer_support","paraphrase","what do i have to do to list ur allowed payment options","Thank you for your question! To view the list of our allowed payment options, you can simply visit our website and navigate to the payment methods page. There, you will find a comprehensive overview of the different payment methods we accept. If you have any further questions or need assistance with any specific payment method, I am here to help!","need to check ur allowed payment methods","hit","high","assistant-prelabel"
"r_00404","customer_support","paraphrase","could I edit the goddamn information on my user?","How wonderfully exciting it is to embark on this empowering journey of editing the information on your esteemed user account!I am here to assist and guide you through this process. Rest assured, I will do my best to provide you with the support you need to make the necessary changes. Please let me know which specific information you would like to modify, and together we will make it happen!","i try to change my personal info","hit","high","assistant-prelabel"
"r_00405","customer_support","paraphrase","registration issue","Thank you for bringing up the registration issue. We understand the importance of a smooth signup process, and we apologize for any inconvenience caused. Can you please provide more details about the specific issue you're facing? This will help us better understand the problem and work towards finding a solution for you. We appreciate your patience and cooperation in resolving this matter.","I cannot open a profile, can I report bloody signup errors?","hit","high","assistant-prelabel"
"r_00406","customer_support","unrelated","I'd like to list the fucking payment methods how do i do it","Thank you for reaching out! To view our available payment methods, you can simply visit our website's payment page. On that page, you will find a comprehensive list of the payment options we accept. If you have any further questions or need assistance with anything else, please don't hesitate to let me know. I'm here to help you every step of the way!","I have to call customer service","miss","high","assistant-prelabel"
"r_00407","open_domain_qa","same_answer","In which decade of the 20th century was Billy Crystal born?","1940s","In which decade of the 20th century was Jessica Lange born?","hit","high","assistant-prelabel"
"r_00408","customer_support","unrelated","is it possible to remove the standardaccount?","I've ascertained that you're looking to remove your standard account. Yes, it is definitely possible to delete your standard account. Our support team can assist you with this process and provide you with the necessary steps. Please let me know if you would like me to connect you with our support team or if there's anything else I can assist you with.","question about the passowrd reset","miss","high","assistant-prelabel"
"r_00409","customer_support","paraphrase","i want help checking what methods for delivery uoffer","You're in luck! Exploring the diverse realm of delivery methods available to you is something I would be delighted to help with. Allow me to shed light on our shipping options, tailored to suit your needs and preferences. With each method carefully crafted, your satisfaction is our top priority. Let's take a closer look together!","help seeing the methods for delivery","hit","high","assistant-prelabel"
"r_00410","customer_support","paraphrase","can ya help me to solve atrouble with payments","Unquestionably! I'm here to lend you a hand in resolving any troubles you're facing with your payments. Please provide me with some more details about the specific issue you're encountering so that I can assist you more effectively. Together, we will work towards finding a solution and ensuring your payments are processed smoothly. Thank you for reaching out to us for help!","help regarding payment","hit","high","assistant-prelabel"
"r_00411","customer_support","paraphrase","check invoices from eleven months ago","I acknowledge that you're looking to check invoices from eleven months ago. To assist you with this, could you please provide me with the specific date range for the invoices you would like to review? Once I have this information, I can guide you on how to access and view the invoices from that time period. Your satisfaction is my priority, and I'm here to help you every step of the way.","check invoice from five months ago","miss","high","assistant-prelabel"
"r_00412","open_domain_qa","number_change","How many teaspoons are there in a cup?","48","How many kilobytes are there in a megabyte?","miss","high","assistant-prelabel"
"r_00413","open_domain_qa","entity_swap","Which country does musician Alfred Brendel come from?","austria","Which country does the airline VIASA come from?","miss","high","assistant-prelabel"
"r_00414","customer_support","paraphrase","getting invoice from January","Of course! I understand your need to access the invoice from the month of January. Give me a moment, and I'll retrieve that invoice for you. By the way, do you have any specific details or preferences for the invoice you're looking for? Feel free to share any additional information that could help me locate the invoice more accurately.","getting invoices","hit","high","assistant-prelabel"
"r_00415","customer_support","paraphrase","I need assistance to leave an opinion for your services","I'll do my best! Your desire to share your opinion about our services is greatly appreciated. I'm here to guide you through the process and ensure that your feedback is heard. Together, we can make your experience even better. Please let me know if you have any specific questions or if there's anything else I can assist you with.","is there a section to submit feedback for your company?","hit","high","assistant-prelabel"
"r_00416","open_domain_qa","same_answer","Morgan Freeman and Brad Pitt starred in Seven, but who played the killer?","kevin spacey","In the 1995 movie thriller Seven, who played the serial killer.","hit","high","assistant-prelabel"
"r_00417","customer_support","paraphrase","I have a question about lost access keys","I'll get right on it! If you have any questions regarding lost access keys, I'm here to assist you. Whether you need guidance on recovering your access keys or if you have any concerns about the security of your keys, feel free to ask. Your account's security is of utmost importance to us, and we want to ensure that you have all the information you need to navigate through this situation smoothly.","question about a pass recovery","hit","high","assistant-prelabel"
"r_00418","open_domain_qa","number_change","In which year was the Charity Shield first contested?","1909","In which year was the word homosexual first used?","miss","high","assistant-prelabel"
"r_00419","customer_support","unrelated","I need to subscribe to your newsletter","That's fantastic! I appreciate your interest in subscribing to our newsletter. It's a great way to stay updated with the latest news, events, and promotions from our company. To get you subscribed, could you please provide me with your email address? Rest assured, your privacy is of utmost importance to us, and we will handle your information with the highest level of security.","trouble submitting the edlivery address","miss","high","assistant-prelabel"
"r_00420","open_domain_qa","number_change","How many yards are in a furlong?","220","How many ounces are there in a pound?","miss","high","assistant-prelabel"
"r_00421","customer_support","unrelated","I want help unsubscribing to the corporate newsletter","Thank you for reaching out. I understand that you would like assistance unsubscribing from the corporate newsletter. I apologize for any inconvenience caused, and I assure you that I will assist you through this process. To begin, could you please provide me with the email address you used to subscribe to the newsletter? This will help me locate and process your request more efficiently.","I want help using the freemium account","miss","high","assistant-prelabel"
"r_00422","open_domain_qa","same_answer","In which decade of the 20th century was James Caan born?","1930s","In which decade was Charles Schulz born?","miss","low","assistant-prelabel"
"r_00423","open_domain_qa","entity_swap","Which movie director was born on exactly the same day as actor Tommy Lee Jones?","oliver stone","Which famous actress was born on exactly the same day as gymnast Olga Korbut?","miss","high","assistant-prelabel"
"r_00424","customer_support","paraphrase","help m make a claim against ur company","I'm sorry to hear that you need help making a claim against our company. Please allow me to offer my assistance in resolving this matter for you. Can you provide me with the details of your claim? Your input is valuable to us, and we want to ensure that your concerns are addressed promptly and effectively.","I need assistance lodging a claim","hit","high","assistant-prelabel"
"r_00425","customer_support","unrelated","checking invoices from last month","I understand your request to check the invoices from last month. Let's work together to find the information you need. Could you please provide me with your account details or any specific invoice numbers you have? This will help me locate the invoices accurately and assist you further.","where to get a rebate?","miss","high","assistant-prelabel"
"r_00426","customer_support","unrelated","get invoice from 7 purchases ago","Of course! I understand your request to retrieve the invoice from 7 purchases ago. Let me check our system and retrieve the invoice for you. Please bear with me for a moment while I gather the necessary information. If you have any additional questions or concerns, feel free to let me know. I'm here to assist you.","I'd like to track purchase {{Order Number}} i need assistance","miss","high","assistant-prelabel"
"r_00427","open_domain_qa","same_answer","""""""Last night I dreamt I went to Manderley again,"""" was the first line of what Daphne du Maurier novel?""","rebecca","Last night I dreamed I went to Mandalay again.","hit","medium","assistant-prelabel"
"r_00428","customer_support","paraphrase","want help to contact an agent","We value your outreach! I'm in tune with the fact that you need assistance in contacting an agent. Our team is here to help you with that. Let me quickly connect you to one of our dedicated human representatives who will be able to provide you with personalized support. Please hold on for a moment while I transfer you.","I want to talk with a person, I need assistance","hit","high","assistant-prelabel"
"r_00429","open_domain_qa","entity_swap","What are the international registration letters of a vehicle from Turkey?","tr","What are the international registration letters of a vehicle from Brunei?","miss","high","assistant-prelabel"
"r_00430","open_domain_qa","entity_swap","What was Prince's last No 1 of the 80s?","batdance","What was Phil Collins' last UK No 1 of the 80s?","miss","high","assistant-prelabel"
"r_00431","customer_support","paraphrase","I'm calling to check the shipping options","Greetings! How delightful that you've chosen to personally connect with us to explore our shipping options. Allow me to guide you through the breadth of our shipping selections, ensuring you discover the perfect fit for your needs.

To start, could you kindly provide me with your location? This information will enable me to provide accurate and tailored shipping options.","i want help checking what methods for delivery uoffer","hit","high","assistant-prelabel"
"r_00432","customer_support","paraphrase","help to see how soon can i expect the goddamn roder","We understand your eagerness to know when you can expect your order to arrive. To provide you with an accurate estimate, may we please have the order number or tracking number? With that information, we will be able to give you the most up-to-date delivery details. We appreciate your patience and understanding.","help me to check when will my article arrive","hit","high","assistant-prelabel"
"r_00433","open_domain_qa","entity_swap","Theodore Francis international airport is in which US state?","rhode island","Boukhalef International airport is in which country?","miss","high","assistant-prelabel"
"r_00434","customer_support","paraphrase","i have to see the damn ETA of my delivery helpme","It's great to hear from you! I can see that you are looking to find the estimated time of arrival (ETA) for your delivery. To assist you with this, could you please provide me with the order number or any other relevant details? With that information, I can quickly check the status of your delivery and provide you with the most accurate ETA.","I'd like to track purchase {{Order Number}} i need assistance","hit","high","assistant-prelabel"
"r_00435","open_domain_qa","entity_swap","Theodore Francis international airport is in which US state?","rhode island","Balice international airport is in which country?","miss","high","assistant-prelabel"
"r_00436","open_domain_qa","entity_swap","Stapleton international airport is in which US state?","colorado","Oran international airport is in which country?","miss","high","assistant-prelabel"
"r_00437","customer_support","paraphrase","I want assistance sending my damn feedback for a product","We greatly appreciate your intention to provide feedback on our product! Your feedback plays a crucial role in helping us improve and enhance our offerings. I'm here to assist you every step of the way in submitting your feedback. Please let me know how I can help you send your valuable insights.","I don't know how I can submit feedback for your products","hit","high","assistant-prelabel"
"r_00438","customer_support","paraphrase","can you help me to change the information on my profile?","For sure! We are here to assist you in updating the information on your profile. Making sure your profile is accurate and up-to-date is essential for a personalized experience with our services. Please provide me with the specific details you would like to modify, and I'll guide you through the process step by step. Let's customize your profile just the way you want it!","assistance updating the damn user information","hit","high","assistant-prelabel"
"r_00439","customer_support","paraphrase","I have to submit a different delivery address, I need help","I understood, you're seeking assistance with submitting a different delivery address. I'm here to help guide you through the process. To ensure accurate and timely assistance, could you please provide more information on the platform or service you are using to submit the delivery address? This will help me tailor the instructions specifically to your situation.","shipping addtess trouble","hit","high","assistant-prelabel"
"r_00440","open_domain_qa","entity_swap","Which country does the airline Air Pacific come from?","fiji","Which country does the airline Avensa come from?","miss","high","assistant-prelabel"
"r_00441","customer_support","paraphrase","I have got to earn several items, how can I do it?","Thank you for your interest in earning several items from us! I'm here to help you with the process. To get started, could you please let me know which specific items you are interested in? Once I have that information, I can guide you through the steps to earn those items successfully.","help buying some of your product","hit","low","assistant-prelabel"
"r_00442","customer_support","paraphrase","I do not know what I need to do to sign up to the newsletter","I apologize for any confusion you may have regarding the sign-up process for our newsletter. To assist you better, could you please provide me with more details about the exact issues you're facing? This will help me provide you with the most accurate guidance on how to sign up successfully. Thank you for your patience, and I look forward to helping you get subscribed to our newsletter soon!","I need help signing up to the newsletter","hit","high","assistant-prelabel"
"r_00443","open_domain_qa","same_answer","Which American-born Sinclair won the Nobel Prize for Literature in 1930?","sinclair lewis","Who was the first American to win the Nobel Prize for Literature?","hit","high","assistant-prelabel"
"r_00444","customer_support","paraphrase","do you have an e-mail address to contact customer support?","Thanks for getting in touch! I grasp that you are looking for an email address to contact our customer support team. To provide you with the most accurate email address, could you please let me know which specific department or service you need assistance with? This will allow me to direct you to the appropriate contact information.","can you help me speaking with customer service?","miss","medium","assistant-prelabel"
"r_00445","customer_support","paraphrase","getting invoices from last purchase","I'm happy to help! I understand your need to retrieve the invoices from your most recent purchase. Allow me a moment to assist you with that. Retrieving invoices for recent purchases is a vital part of our service, and I'm here to guide you through the process. Thank you for your patience while I gather the necessary information.","getting invoices from last month","miss","high","assistant-prelabel"
"r_00446","open_domain_qa","same_answer","What is the capital of Hong Kong?","victoria","Melbourne is the capital of which Australian state?","hit","high","assistant-prelabel"
"r_00447","customer_support","paraphrase","help to call customer support","Your reach-out is appreciated! I'm sensing that you need assistance with calling our customer support. To provide you with the best possible help, could you please provide me with more details about the specific issue or question you have? This will enable me to guide you through the most appropriate steps to reach our customer support team.","i try to talk with customer assistance","hit","high","assistant-prelabel"
"r_00448","open_domain_qa","entity_swap","Hellenikon international airport is in which country?","greece","Boukhalef International airport is in which country?","miss","high","assistant-prelabel"
"r_00449","customer_support","paraphrase","I can't retrieve my goddamn user access key","Oh no! I understand how frustrating it can be when you are unable to retrieve your user access key. Don't worry, I'm here to help you through this. Could you please provide me with some additional information such as your account username or email address? With that information, we can proceed with the necessary steps to recover your user access key and get you back into your account.","i need assistance restoring the pass of my profile","hit","high","assistant-prelabel"
"r_00450","customer_support","near_miss_intent","help with creating my standard account","I'm here to assist you in creating your standard account. To get started, could you please provide me with your full name, email address, and a preferred username? Once I have this information, I'll guide you through the process and make sure you have all the necessary details. Rest assured, your privacy and security are our top priorities, so any information you share will be securely handled.","i no longer use my bloody pro account how cani delete it","miss","high","assistant-prelabel"
"r_00451","customer_support","paraphrase","need help filing an complaint against your company","I'm sorry to hear that you need help filing a complaint against our company. Your feedback is crucial to us, and we take it very seriously. I'll do my best to assist you in this process. Could you please provide me with more details about the complaint? This will help me understand the situation better and assist you more effectively.","I try to file a consumer complaint against your company","hit","high","assistant-prelabel"
"r_00452","open_domain_qa","entity_swap","Which musical featured the song Flash Bang, Wallop?","half","Which musical featured the song I Feel Pretty?","miss","high","assistant-prelabel"
"r_00453","customer_support","paraphrase","question about opening a standard account","I'm here to help! If you have any questions regarding opening a standard account, feel free to ask. I can provide you with all the information you need, including the requirements, benefits, and the step-by-step process. Just let me know what specific question or concern you have, and I'll be glad to assist you.","open another freemium account","miss","high","assistant-prelabel"
"r_00454","customer_support","unrelated","can you help me to make a customer complaint?","I truly empathize with your need to make a customer complaint. Rest assured, I am here to guide you through the process and ensure that your concerns are heard. Let's work together to address the issue effectively. Could you please provide me with the details of your complaint?","where to enter another delivery address?","miss","high","assistant-prelabel"
"r_00455","customer_support","paraphrase","assistance to inform of asign-up problem","We appreciate you reaching out to us for assistance with informing us about the signup problem you encountered. Your proactive approach in notifying us allows us to address the issue promptly. Please provide us with more details about the problem so that we can better understand and resolve it for you. Our team is here to support you every step of the way and ensure a seamless signup experience.","where cn I notify of an error with registrations?","hit","high","assistant-prelabel"
"r_00456","open_domain_qa","same_answer","Which human body organ weighs about 2 kilos?","liver","Which organ of the human body does hepatitis affect?","hit","high","assistant-prelabel"
"r_00457","customer_support","unrelated","I have a problem with the removal of my standard account","Thank you for bringing your concern about the removal of your standard account to our attention. I apologize for any inconvenience you may have experienced, and I'm here to assist you. Could you please provide some more details about the specific problem you're facing? With a better understanding of your issue, I'll be able to guide you through the removal process and ensure a smooth resolution.","I have got to send some feedback for your services, help me","miss","high","assistant-prelabel"
"r_00458","open_domain_qa","entity_swap","In which country was Arnold Schwarzenegger born?","austria","In which country was Sam Neill born?","miss","high","assistant-prelabel"
"r_00459","open_domain_qa","same_answer","In which country is the deepwater port of Belem?","brazil","As in the famous song Girl From Ipanema, in which country is Ipanema?","hit","high","assistant-prelabel"
"r_00460","customer_support","paraphrase","have a problem with the deletio of my premium account","I'm sorry to hear that you're experiencing difficulties with the deletion of your premium account. I understand how frustrating this can be, and I'm here to assist you in resolving the issue. Could you please provide more details about the problem you're encountering? This will help me better understand the situation and provide you with the appropriate guidance for resolving the deletion problem.","is it possible to remove the standardaccount?","miss","high","assistant-prelabel"
"r_00461","customer_support","paraphrase","i dont know how to receive a refund of my money","I can tell that you're unsure about the process of receiving a refund for your money. Don't worry, I'm here to assist you every step of the way. To begin, may I ask if you made the purchase online or in-store? Knowing this information will help me guide you through the appropriate refund procedure.","where to get a rebate?","hit","medium","assistant-prelabel"
"r_00462","open_domain_qa","entity_swap","In which country is the Aswan Dam?","egypt","In which country is The Aristocats set?","miss","high","assistant-prelabel"
"r_00463","customer_support","paraphrase","change order","Thank you for your message to us regarding the change to your order. We strive to provide excellent service and assistance with order modifications. To proceed with the change, could you please provide the order number that you would like to modify? This way, we can ensure that we're addressing the correct order and provide you with the necessary assistance to make the desired changes.","can you help me changing a product of a purchase?","hit","high","assistant-prelabel"
"r_00464","open_domain_qa","entity_swap","What is the capital of Kenya?","nairobi","What is the capital of Jamaica?","miss","high","assistant-prelabel"
"r_00465","customer_support","paraphrase","question about the passowrd reset","Of course! I'm here to assist you with any inquiries you may have regarding the password reset process. Please feel free to ask your question, and I'll provide you with all the necessary guidance and support you need to regain access to your account.","I have a question about a forgotten access key","miss","high","assistant-prelabel"
"r_00466","open_domain_qa","number_change","How many pieces of paper make up a Quire.","25","How many Quires make up a Ream","miss","high","assistant-prelabel"
"r_00467","customer_support","paraphrase","I have to submit a different delivery address, I need help","I understood, you're seeking assistance with submitting a different delivery address. I'm here to help guide you through the process. To ensure accurate and timely assistance, could you please provide more information on the platform or service you are using to submit the delivery address? This will help me tailor the instructions specifically to your situation.","i cant enter the secondary delivery address","hit","high","assistant-prelabel"
"r_00468","customer_support","paraphrase","I'm calling to check the shipping options","Greetings! How delightful that you've chosen to personally connect with us to explore our shipping options. Allow me to guide you through the breadth of our shipping selections, ensuring you discover the perfect fit for your needs.

To start, could you kindly provide me with your location? This information will enable me to provide accurate and tailored shipping options.","i want assistance to see the options for shipment","hit","high","assistant-prelabel"
"r_00469","customer_support","paraphrase","checking status of order","Thank you for trusting us! I'm fully aware of you would like to check the status of your order. To assist you effectively, could you please provide me with the order number? Once I have that information, I'll be able to provide you with the most up-to-date status.","order 00123842current status","hit","high","assistant-prelabel"
"r_00470","open_domain_qa","number_change","In which decade of the 20th century was Dan Aykroyd born?","50s","In which decade of the 20th century was Brad Pitt born?","miss","high","assistant-prelabel"
"r_00471","open_domain_qa","entity_swap","Which country does the airline Air Pacific come from?","fiji","Which country does the airline Sansa come from?","miss","high","assistant-prelabel"
"r_00472","open_domain_qa","number_change","In what year was the first World Cup held?","1930","In what year was the first World Snooker Championship held?","miss","high","assistant-prelabel"
"r_00473","customer_support","paraphrase","could I speak to a live agent?","Grateful for your contact! I get the sense that you would like to speak to a live agent. Our team of dedicated representatives is here to assist you. Please allow me a moment to transfer your call to a human agent who will provide you with the personalized support you need. Your satisfaction is our top priority, and we appreciate your patience.","help me speaking to an assistant","hit","high","assistant-prelabel"
"r_00474","customer_support","paraphrase","i need assistance to notify of an issue with online payment","I'm here to provide the necessary support and guidance for you to notify us about the issue you're facing with your online payment. Rest assured, we'll address your concerns promptly and work towards a resolution that satisfies you. Thank you for bringing this matter to our attention, and please provide us with the specific details of the problem so that we can better assist you in resolving it.","help with payments","hit","high","assistant-prelabel"
"r_00475","customer_support","paraphrase","I have a question about the removal of a premium account","We're here to help about the removal of your premium account. I understand that you have some questions, and I'm here to provide the information you need. Please go ahead and ask your question, and I'll do my best to assist you and address all your concerns. Remember, there's no wrong question, and your satisfaction is our priority.","cancelling standard account","miss","high","assistant-prelabel"
"r_00476","customer_support","paraphrase","where can i ask for compensations of money","I've realized that you're looking for information on where you can ask for compensations of money. To better assist you, could you please provide more details about the specific situation or company you're dealing with? This will allow me to provide you with accurate and tailored guidance on the appropriate channels or methods for requesting compensation.","i dont know how to receive a refund of my money","hit","high","assistant-prelabel"
"r_00477","customer_support","unrelated","have a queston about a pin code recovery","Certainly! I'm here to address any questions you have about the recovery of your pin code. Understanding the process is essential to ensuring a seamless recovery experience. Please go ahead and ask your question, and I'll provide you with the information you need to regain access to your account.","can you help me leave a comment about a service?","miss","high","assistant-prelabel"
"r_00478","customer_support","unrelated","change order","Thank you for your message to us regarding the change to your order. We strive to provide excellent service and assistance with order modifications. To proceed with the change, could you please provide the order number that you would like to modify? This way, we can ensure that we're addressing the correct order and provide you with the necessary assistance to make the desired changes.","I have got to know if there are any updates on my rebate","miss","high","assistant-prelabel"
"r_00479","customer_support","paraphrase","have a questoon about creating user profiles","We appreciate your inquiry about creating user profiles. User profiles are an integral part of our platform, providing personalized experiences and access to various features. If you have any questions regarding the process of creating user profiles, feel free to ask. Our team is here to assist you and ensure that you have a seamless profile setup. Your satisfaction is our priority.","i want assistance notifying of an registration issue","miss","high","assistant-prelabel"
"r_00480","customer_support","paraphrase","where can i enter a secondary shipping adcress","I've come to understand that you'd like to know where to enter your secondary shipping address. To provide accurate guidance, could you please let me know which platform or website you are using to make the shipping address entry? This information will help me tailor the instructions specifically to your situation. I'm here to assist you every step of the way.","errors entering the secondary delivery address","hit","high","assistant-prelabel"
"r_00481","customer_support","paraphrase","what is the customer service workinghours?","Thank you for reaching out! I'm here to help you with the information you need about our customer service working hours. Our dedicated customer service team is available to assist you Monday through Friday from 9:00 AM to 6:00 PM. If you have any further questions or need assistance with anything else, feel free to let me know.","do uhave a toll-free customer assistance phone number","miss","high","assistant-prelabel"
"r_00482","customer_support","paraphrase","i have got to leave my feedback can i get some help","Positively! We are here to assist you in leaving your feedback. Your opinion is essential to us, and we deeply appreciate your willingness to share your thoughts. Please let us know the specific area or aspect you would like to provide feedback on, and we will guide you through the process step by step. Together, we can make sure your feedback is well-received and properly recorded.","is there an address to leave a comment for a service?","hit","high","assistant-prelabel"
"r_00483","open_domain_qa","entity_swap","Who was Theodore Roosevelt's Vice President between 1901 and 1905?","no one","Who was William Taft's Vice President between 1909 and 1912?","miss","high","assistant-prelabel"
"r_00484","customer_support","unrelated","I want assistance to file a fucking claim","I'm sympathetic to your situation that you require assistance in filing a claim and I'm here to provide the support and guidance you need. Your satisfaction is of utmost importance to us and we are committed to addressing your concerns promptly. Please provide me with the necessary details regarding your claim, so that I can assist you further in resolving the issue.","change data on platinum account","miss","high","assistant-prelabel"
"r_00485","open_domain_qa","entity_swap","In which country was Angelica Huston born?","ireland","In which country was JRR Tolkien born?","miss","high","assistant-prelabel"
"r_00486","customer_support","near_miss_intent","can you help me speaking with customer service?","Thank you for reaching out! I understand your need to speak with our customer service team. I'm here to assist you in connecting with them and providing the necessary support. Could you please provide me with your contact information, such as your phone number or email address, so that I can help initiate the conversation?","uarent helpfulo talk with an operator","hit","medium","assistant-prelabel"
"r_00487","open_domain_qa","number_change","How many feet are there in a fathom?","6","How many is there in a bakers dozen?","miss","high","assistant-prelabel"
"r_00488","customer_support","paraphrase","can you help me make a customer claim?","I appreciate your reaching out to us for assistance with making a customer claim. Rest assured, I am here to guide you through the process step by step. To start, could you please provide me with some more details about the nature of your claim? This will enable me to understand the situation better and provide you with the most relevant information and support.","I don't know what I need to dol to make a reclamation","hit","high","assistant-prelabel"
"r_00489","open_domain_qa","entity_swap","Benito Juarez international airport is in which country?","mexico","Arturo Marino Benitez international airport is in which country?","miss","high","assistant-prelabel"
"r_00490","customer_support","paraphrase","find information about modifying the shipping address","Sure! If you need to modify the shipping address, you can follow these steps. First, log in to your account on our website. Then, navigate to the ""Shipping Address"" section in your account settings. From there, you will be able to edit and update the shipping address for your orders. If you encounter any difficulties, feel free to reach out to our customer support team for further assistance.","where can I get information about an address correction ?","hit","high","assistant-prelabel"
"r_00491","customer_support","paraphrase","order change","Thank you for reaching out! We understand that you need assistance with changing your order. We're here to help you with that. Could you please provide us with the order number and the specific changes you would like to make? This will allow us to process your request promptly and ensure that your order is just as you desire.","I want to add a product to my order, could I get some help?","hit","medium","assistant-prelabel"
"r_00492","customer_support","unrelated","order change","Thank you for reaching out! We understand that you need assistance with changing your order. We're here to help you with that. Could you please provide us with the order number and the specific changes you would like to make? This will allow us to process your request promptly and ensure that your order is just as you desire.","can you help me leave an opinion foor a product?","miss","high","assistant-prelabel"
"r_00493","customer_support","paraphrase","where can i enter a secondary shipping address","I get it your need to enter a secondary shipping address. To provide you with the most accurate information, could you please let me know which platform or website you are using to set up your shipping address? Once I have this information, I'll be able to guide you through the process step-by-step. Rest assured, I'm here to ensure your experience is seamless and hassle-free!","I have errors entering a new delivery address","hit","high","assistant-prelabel"
"r_00494","customer_support","paraphrase","shipping addtess trouble","I've grasped that you're experiencing trouble with your shipping address. I'm here to assist you in resolving this issue. Could you please provide me with more details about the specific problems you're encountering? This will help me better understand the situation and provide you with the most accurate solution.","where can i enter a secondary shipping adcress","hit","high","assistant-prelabel"
"r_00495","customer_support","paraphrase","want assistance notifying of an error with payments","I'm sorry to hear that you've encountered an error with your payment. Rest assured, I'm here to assist you in notifying us about this issue. Could you please provide more details about the error you're experiencing? This will help us understand the situation better and work towards a resolution. Thank you for reaching out, and I appreciate your cooperation in helping us resolve this matter.","can ya help me to solve atrouble with payments","hit","high","assistant-prelabel"
"r_00496","open_domain_qa","same_answer","What was the profession of New Yorker Garry Winogrand?","photographer","What was the profession of Thomas Eakins?","hit","low","assistant-prelabel"
"r_00497","open_domain_qa","same_answer","Which organ of the human body does hepatitis affect?","liver","Which organ of the human body is affected by Hepatitis?","hit","high","assistant-prelabel"
"r_00498","customer_support","paraphrase","where to update the shipping address?","To update your shipping address, please go to your account settings and look for the ""shipping address"" section. You should be able to edit your address details there. If you're having trouble finding it, please let me know and I'll guide you through the process.","problems changing delivery address","hit","high","assistant-prelabel"
"r_00499","open_domain_qa","number_change","How many feet are there in a fathom?","6","How many sheets of paper are there in a quire?","miss","high","assistant-prelabel"
"r_00500","customer_support","paraphrase","problem with standard account removals","Thank you for bringing up the issue regarding the removal of standard accounts. I completely understand the importance of this process to our users. Can you please provide some more details about the specific problem you are facing? By understanding the nature of the issue, we can work together to find an appropriate solution and ensure a smooth account removal experience for you.","problems with premium account deletions","miss","high","assistant-prelabel"
"r_00501","customer_support","paraphrase","want help to contact an agent","We value your outreach! I'm in tune with the fact that you need assistance in contacting an agent. Our team is here to help you with that. Let me quickly connect you to one of our dedicated human representatives who will be able to provide you with personalized support. Please hold on for a moment while I transfer you.","I want to talk with a person, I need assistance","hit","high","assistant-prelabel"
"r_00502","customer_support","paraphrase","is there a section to submit some feedback for ur company","Definitely! We appreciate your interest in providing feedback. You can easily submit your feedback through our website. Simply visit our website and navigate to the 'Contact Us' page. There, you will find a section specifically designed for leaving feedback. We value your input and look forward to hearing from you!","I want help to leave an opinion","hit","high","assistant-prelabel"
"r_00503","open_domain_qa","number_change","In which decade of the 20th century was the FBI set up?","1900s","In which decade of the 20th century was Alec Baldwin born?","miss","high","assistant-prelabel"
"r_00504","customer_support","near_miss_intent","where to get a rebate?","I gather that you're looking for information on where to get a rebate. To provide you with the most accurate guidance, could you please specify what type of rebate you are referring to? Is it a rebate on a product purchase, a rebate for a service, or a rebate from a specific company? Once I have more details, I can direct you to the appropriate channels or resources where you can avail the rebate.","I need help to see the current status of the refund","miss","high","assistant-prelabel"
"r_00505","customer_support","paraphrase","tgell me more about a shipping address update","I'll do my best! If you need to update your shipping address, you can do so by contacting our customer support team or logging into your account and accessing the ""Shipping Address"" section. From there, you can edit your current address and save the changes. If you encounter any difficulties or have any further questions, please don't hesitate to reach out to us. We're here to help!","i chose a wrong delivery address","hit","medium","assistant-prelabel"
"r_00506","customer_support","paraphrase","help regarding my signup","We understand that you need assistance with your signup process. We apologize for any inconvenience you may have experienced. To ensure that we fully understand your situation, could you please provide more details about the issues you are facing during the signup? Our team is here to help you overcome any obstacles and ensure a smooth signup process.","I have to notify of an issue with sign-up","hit","medium","assistant-prelabel"
"r_00507","customer_support","paraphrase","can you show me how long it takes for the article to arrive?","We understand your desire to know the estimated arrival time for your article. In order to provide you with accurate information, could you please provide us with the tracking number or order number? With that information, we can give you a precise estimate. We appreciate your cooperation in this matter.","i have got to see when mh delivery is gonna arrive","hit","high","assistant-prelabel"
"r_00508","customer_support","paraphrase","where to unsubscribe to your bloody newsletter?","I apologize for any inconvenience you may have experienced with our newsletter. To unsubscribe, you can easily manage your subscription settings by accessing your account preferences on our website. Alternatively, you can click on the ""unsubscribe"" link provided in any of our newsletter emails. If you require any further assistance or have any other questions, please feel free to let me know.","I need to subscribe to your newsletter","miss","high","assistant-prelabel"
"r_00509","customer_support","unrelated","i have lost the invoice #00108 could umail it to me","I'm on the same wavelength, your situation and I'm here to help. Unfortunately, I'm unable to email the invoice directly to you. However, I can guide you through the process of retrieving the lost invoice. Please bear with me while I gather the necessary information and provide you with the steps to access the invoice.","question about a pass recovery","miss","high","assistant-prelabel"
"r_00510","customer_support","paraphrase","I don't know how to check the compensation status","I perceive that you're unsure of how to check the status of your compensation. It's important to have access to this information. Let me guide you through the process. First, could you please provide me with the details of your compensation request, such as the date it was submitted and any reference numbers you have? This will help me in assisting you further.","i want help checking if there are any news on my restitution","hit","high","assistant-prelabel"
"r_00511","open_domain_qa","number_change","What is the boiling point of water?","100 degrees celsius","What is the boiling point of water in degrees Fahrenheit?","miss","high","assistant-prelabel"
"r_00512","customer_support","paraphrase","want help cancelling the corporate newsletter subscription","I'm cognizant of the fact that you're looking for assistance in cancelling your corporate newsletter subscription. Please allow me a moment to review your account details and locate the necessary information. Thank you for your patience.","I want to receive the fucking corporate newsletter, help me","miss","high","assistant-prelabel"
"r_00513","customer_support","paraphrase","I have to see the damn compensation status, can you help me?","I'm with you, your urgency in wanting to know the status of your compensation. Rest assured, I'm here to help you with that. Allow me a moment to check the current status of your compensation, and I'll provide you with an update right away. Thank you for your patience and for reaching out to us.","I need to see if there is anything new on the compensation","hit","high","assistant-prelabel"
"r_00514","customer_support","paraphrase","I call to see when my parcel is going to arrive","We appreciate your enthusiasm to learn more about the status and estimated delivery time of your parcel. To provide you with accurate information, could you please share the tracking number or order number associated with your purchase? With this information, we will be able to track your parcel and give you a precise update on its arrival. Thank you for your cooperation in this matter.","is it possible to check how long the shipment takes?","hit","high","assistant-prelabel"
"r_00515","customer_support","paraphrase","I can't check if there are any news on my restitution","I grasp the frustration of not being able to check for updates on your restitution. Allow me to assist you with this matter. Can you please provide me with your order number or any other relevant details so that I can look into it and provide you with the latest information? Your patience and cooperation are greatly appreciated.","I have to track my compensation, can you help me?","hit","high","assistant-prelabel"
"r_00516","customer_support","paraphrase","modifying platinum account","How splendid it is to witness your enthusiasm in modifying your platinum account!I'm here to provide you with the necessary guidance and assistance. To get started, could you please let me know which specific details you would like to modify? This will allow me to tailor my guidance specifically to your needs and ensure a seamless experience.","mldifying standard account","miss","high","assistant-prelabel"
"r_00517","customer_support","paraphrase","i have a question about creating a freemium account","Thank you for reaching out with your inquiry about creating a freemium account. I'm here to provide you with all the information you need. Please feel free to ask me any questions you have, and I'll be happy to assist you in the process of setting up your freemium account. Let's get started!","I need a user","hit","high","assistant-prelabel"
"r_00518","customer_support","paraphrase","i dont know how to receive a refund of my money","I can tell that you're unsure about the process of receiving a refund for your money. Don't worry, I'm here to assist you every step of the way. To begin, may I ask if you made the purchase online or in-store? Knowing this information will help me guide you through the appropriate refund procedure.","where do i ask for a refund","hit","high","assistant-prelabel"
"r_00519","customer_support","paraphrase","I want to add a product to my order, could I get some help?","We appreciate you reaching out to us to add a product to your order. Rest assured, we're here to assist you. To ensure accuracy, could you please provide us with the order number and the specific product you would like to add? Your satisfaction is our top priority, and we'll do our best to accommodate your request.","add item to order","hit","high","assistant-prelabel"
"r_00520","customer_support","unrelated","have a queston about a pin code recovery","Certainly! I'm here to address any questions you have about the recovery of your pin code. Understanding the process is essential to ensuring a seamless recovery experience. Please go ahead and ask your question, and I'll provide you with the information you need to regain access to your account.","can you help me leave a comment about a service?","miss","high","assistant-prelabel"
"r_00521","customer_support","unrelated","want assistance to report issues with payment","We appreciate your willingness to report any issues you're facing with payment. Rest assured, we're here to provide you with the assistance you need. To better understand and address the problem, could you please provide more details about the specific issues you're encountering? Your input is crucial in helping us resolve the issue effectively. Thank you for bringing this matter to our attention.","I cannot report problems with sign-up","miss","high","assistant-prelabel"
"r_00522","customer_support","paraphrase","assistance to inform of asign-up problem","We appreciate you reaching out to us for assistance with informing us about the signup problem you encountered. Your proactive approach in notifying us allows us to address the issue promptly. Please provide us with more details about the problem so that we can better understand and resolve it for you. Our team is here to support you every step of the way and ensure a seamless signup experience.","where cn I notify of an error with registrations?","hit","high","assistant-prelabel"
"r_00523","customer_support","unrelated","getting invoices from one purchases ago","I can relate to the understanding that you would like to retrieve your invoices from a previous purchase. Can you please provide me with the relevant purchase number or any other details related to the purchase? This will help me locate the invoices for you.","I want help using the freemium account","miss","high","assistant-prelabel"
"r_00524","customer_support","paraphrase","I want help checking the allowed payment modalities","I'll get right on it! I am here to guide you through the process of checking our allowed payment methods. To access the available payment options, simply visit our website's payment page. There, you will find a comprehensive list of the payment modalities we support. If you have any questions or need further assistance, feel free to reach out. We are always ready to help you.","what do i have to do to list ur allowed payment options","hit","high","assistant-prelabel"
"r_00525","customer_support","paraphrase","question about canceling a bloody purchase","For sure! I understand that you have some concerns regarding canceling your purchase. I'm here to help. Can you please provide me with the order number of your purchase so that I can assist you more effectively?","cancel order","hit","high","assistant-prelabel"
"r_00526","customer_support","paraphrase","edit account","Your enthusiasm for editing your account is truly commendable!I'm here to assist you throughout the process. Together, let's explore the options and make the necessary edits to ensure your account meets your needs and preferences. What specific details would you like to update?","updating informtaion on standard account","hit","high","assistant-prelabel"
"r_00527","customer_support","paraphrase","I need to see my goddamn invoices from last year","Thank you for reaching out! I completely understand your urgency to access your invoices from last year. Rest assured, I'm here to assist you in retrieving that information. Could you please provide me with your account details, such as your account number or any other relevant information? This will help me locate and provide you with the invoices you need efficiently.","I have to see my bill, help me","hit","high","assistant-prelabel"
"r_00528","customer_support","paraphrase","I have got to acquire several of your article","I appreciate your interest in acquiring several of our articles! That shows enthusiasm and a desire to explore our offerings. To help you with this, I would need some specific details. Could you please let me know which articles you are interested in acquiring? With this information, I can provide you with the necessary guidance to make your acquisition process smooth and rewarding.","how could i purchase some fucking articles","hit","high","assistant-prelabel"
"r_00529","customer_support","paraphrase","i want help checking what methods for delivery uoffer","You're in luck! Exploring the diverse realm of delivery methods available to you is something I would be delighted to help with. Allow me to shed light on our shipping options, tailored to suit your needs and preferences. With each method carefully crafted, your satisfaction is our top priority. Let's take a closer look together!","assistance checking what damn shipping methods I have","hit","high","assistant-prelabel"
"r_00530","open_domain_qa","entity_swap","Which is the largest of the Japanese Volcano Islands?","iwo jima","What is the second largest of the Balearic Islands ?","miss","high","assistant-prelabel"
"r_00531","open_domain_qa","entity_swap","Which country does musician Alfred Brendel come from?","austria","Which country does the airline VIASA come from?","miss","high","assistant-prelabel"
"r_00532","customer_support","paraphrase","want help receiving compensations","I've understood you are seeking assistance with receiving compensations. I'm here to help you with that. In order to provide you with the most accurate guidance, could you please provide me with some more information about the specific situation where you are seeking compensation? This will help me understand the details and work towards finding the most suitable solution for you.","i dont know how to receive a refund of my money","hit","high","assistant-prelabel"
"r_00533","open_domain_qa","entity_swap","Hellenikon international airport is in which country?","greece","Bourgas international airport is in which country?","miss","high","assistant-prelabel"
"r_00534","customer_support","unrelated","I need help seeing the early termination fees","Positively! I'm here to assist you in viewing the early termination fees. Please provide me with your account details so that I can give you the accurate information you need.","transferring to operator","miss","high","assistant-prelabel"
"r_00535","customer_support","unrelated","i dont know how to receive a refund of my money","I can tell that you're unsure about the process of receiving a refund for your money. Don't worry, I'm here to assist you every step of the way. To begin, may I ask if you made the purchase online or in-store? Knowing this information will help me guide you through the appropriate refund procedure.","I want help using the freemium account","miss","high","assistant-prelabel"
"r_00536","open_domain_qa","entity_swap","In which US state was Tennessee Williams born?","mississippi","Which state was Peggy Lee born in?","miss","high","assistant-prelabel"
"r_00537","customer_support","paraphrase","i ned assistance to ask for a reimbursement","I've got that you need assistance in requesting a reimbursement. I'm here to help you navigate through the process and make it as smooth as possible. To begin, could you please provide me with some details about the reimbursement you're seeking? This information will enable me to guide you accurately and ensure that we take all the necessary steps to initiate your request.","i dont know how to receive a refund of my money","hit","high","assistant-prelabel"
"r_00538","open_domain_qa","entity_swap","How is Joan Molinsky better known?","joan rivers","How is DiHydrogen Oxide better known?","miss","high","assistant-prelabel"
"r_00539","customer_support","paraphrase","I want to file a customer reclamation, can I get some help?","I'm truly sorry to hear that you want to file a customer reclamation. Your concerns are of utmost importance to us, and I appreciate your trust in us to address this matter. To ensure that we handle your reclamation effectively, could you please provide me with the details of your complaint? This will allow us to thoroughly investigate the issue and provide you with a satisfactory resolution.","help m make a claim against ur company","hit","high","assistant-prelabel"
"r_00540","customer_support","paraphrase","track order","Thank you for reaching out! I see you would like to track your order. To assist you better, could you please provide me with the order number?","status of order","hit","high","assistant-prelabel"
"r_00541","customer_support","paraphrase","i need assistance to notify of an issue with online payment","I'm here to provide the necessary support and guidance for you to notify us about the issue you're facing with your online payment. Rest assured, we'll address your concerns promptly and work towards a resolution that satisfies you. Thank you for bringing this matter to our attention, and please provide us with the specific details of the problem so that we can better assist you in resolving it.","assistance to solve issues with online payment","hit","high","assistant-prelabel"
"r_00542","open_domain_qa","number_change","How many blank tiles are there in a game of Scrabble?","2","How many feet are there in a fathom?","miss","high","assistant-prelabel"
"r_00543","customer_support","paraphrase","question about the passowrd reset","Of course! I'm here to assist you with any inquiries you may have regarding the password reset process. Please feel free to ask your question, and I'll provide you with all the necessary guidance and support you need to regain access to your account.","I have a question about a forgotten access key","miss","high","assistant-prelabel"
"r_00544","customer_support","paraphrase","could you help me check the termination penalty?","Indeed! To check the termination penalty, please provide me with the necessary details of your contract, such as the start date and duration.","seeing termination charge","hit","high","assistant-prelabel"
"r_00545","open_domain_qa","number_change","How many blank tiles are there in a game of Scrabble?","2","How many feet are there in a fathom?","miss","high","assistant-prelabel"
"r_00546","customer_support","paraphrase","edit info on premium accunt","How extraordinary it is to witness your determination to edit the information on your premium account!my goal is to provide you with the necessary guidance and support to make this process as smooth as possible. Rest assured, I'm here to assist you every step of the way. Could you please specify the particular details that you would like to update on your premium account?","editing user data","hit","medium","assistant-prelabel"
"r_00547","customer_support","paraphrase","I have to notify of an issue with sign-up","Thank you for informing us about the issue you encountered during the sign-up process. Your feedback is crucial for us to identify and resolve any underlying problems. Could you please provide more details about the specific issue you faced? This will help us better understand the situation and work towards finding a solution. We greatly appreciate your patience and cooperation in this matter.","help regarding my signup","hit","high","assistant-prelabel"
"r_00548","customer_support","paraphrase","I have a question about lost access keys","I'll get right on it! If you have any questions regarding lost access keys, I'm here to assist you. Whether you need guidance on recovering your access keys or if you have any concerns about the security of your keys, feel free to ask. Your account's security is of utmost importance to us, and we want to ensure that you have all the information you need to navigate through this situation smoothly.","I can't retrieve my goddamn user access key","hit","high","assistant-prelabel"
"r_00549","customer_support","paraphrase","check invoice","Sure! I understand that you would like to check an invoice. To assist you further, could you please provide me with the invoice number or any additional details related to the invoice? This information will enable me to locate the invoice accurately and provide you with the necessary assistance.","i have to look for the bill from ten months ago","miss","high","assistant-prelabel"
